Approved Carbon Intensities Under the Clean Fuel Regulations – Updated Sept. 30; 2025,,,,,,,,,,,
,,,,,,,,,,,
Disclaimer: The table below includes all final and temporary CIs; determined using the Fuel LCA Model; that were approved before November 10; 2025 under the Clean Fuel Regulations (CFR) by Environment and Climate Change Canada (ECCC). The table also includes all applications for approval of final or temporary CI that are under review and that were submitted before September 30; 2025; changes to these CI applications after that date might not be reflected in this table. Some data are kept confidential at the request of CI applicants. If your organization has obtained an approved CI and wishes to be included in an upcoming publication; or; if your organization has any changes to the information in this table; please email ECCC’s Low Carbon Fuels Division at cfsncp@ec.gc.ca  ,,,,,,,,,,,
,,,,,,,,,,,
,,,,,,,,,,,
,,,,,,,,,,,
CI Applicant,Facility Name,"Facility Location (City/Municipality, Country)",Fuel Type,Feedstock Type,Feedstock Origin (Province/State/ Region/ Country),CI Type,"CI Scope (Cradle-to-Gate, Cradle-to-Grave)",Approved CI (gCO2e/MJ),CI Approval Date,Version of the Fuel LCA Model,CI Status
"Ace Ethanol, LLC","Ace Ethanol, LLC","Stanley, US",Ethanol,CONFIDENTIAL,CONFIDENTIAL,TEMPORARY,Cradle-to-Grave,CONFIDENTIAL,08-03-2024,January '23,ACTIVE
ADM Agri-Industries Company,ADM Lloydminster,"Lloydminster, CA",Biodiesel,Vegetable oil from oilseed (canola),"Alberta, Saskatchewan (CA)",FINAL,Cradle-to-Grave,20,06-12-2023,January '23,ACTIVE
ADM Agri-Industries Company,ADM Lloydminster,"Lloydminster, CA",Biodiesel,Vegetable oil from oilseed (canola),Western Canada,FINAL,Cradle-to-Grave,PENDING APPROVAL,N/A,Summer '24,PENDING APPROVAL
Ag Processing Inc,"Ag Processing Inc - Algona, IA","Algona, US",Biodiesel,Vegetable Oil,"Iowa, US",FINAL,Cradle-to-Grave,19,10-10-2023,January '23,ACTIVE
Ag Processing Inc,"Ag Processing Inc - Algona, IA","Algona, US",Biodiesel,Vegetable oil from oilseed (soybean),"Iowa, US",FINAL,Cradle-to-Grave,PENDING APPROVAL,N/A,Summer '24,PENDING APPROVAL
Ag Processing Inc,"Ag Processing Inc - Sgt. Bluff, IA","Sgt. Bluff, US",Biodiesel,Vegetable Oil,"Iowa, US",FINAL,Cradle-to-Grave,20,16-02-2024,January '23,ACTIVE
Alco Energy Canada,Alco Energy Canada,"Aylmer, CA",Ethanol,Corn,"Ontario, CA",FINAL,Cradle-to-Grave,35,30-06-2023,January '23,INACTIVE
Alco Energy Canada,Alco Energy Canada,"Aylmer, CA",Ethanol,Corn,"Ontario, CA",FINAL,Cradle-to-Grave,33,14-02-2025,Summer '24,ACTIVE
"American GreenFuels, LLC","American GreenFuels, LLC","New Haven, US",Biodiesel,Used vegetable oil,North America,FINAL,Cradle-to-Grave,19,11-06-2024,January '23,ACTIVE
"American GreenFuels, LLC","American GreenFuels, LLC","New Haven, US",Biodiesel,Animal fats,North America,FINAL,Cradle-to-Grave,26,11-06-2024,January '23,ACTIVE
Anew Canada - Low Carbon Fuels Inc.,GrowTEC Farm RNG,CONFIDENTIAL,Renewable Natural Gas,CONFIDENTIAL,CONFIDENTIAL,TEMPORARY,Cradle-to-Grave,PENDING APPROVAL,N/A,January '23,PENDING APPROVAL
Anew Canada - Low Carbon Fuels Inc.,GrowTEC Farm RNG,CONFIDENTIAL,Renewable Natural Gas,CONFIDENTIAL,CONFIDENTIAL,TEMPORARY,Cradle-to-Grave,PENDING APPROVAL,N/A,January '23,PENDING APPROVAL
Archer Daniels Midland Company,ADM Velva,"Velva, US",Biodiesel,Vegetable oil from oilseed (canola),"North Dakota, US",FINAL,Cradle-to-Grave,19,20-11-2023,January '23,ACTIVE
Archer Daniels Midland Company,ADM Velva,"Velva, US",Biodiesel,Vegetable oil from oilseed (canola),Midwest (US),FINAL,Cradle-to-Grave,PENDING APPROVAL,N/A,Summer '24,PENDING APPROVAL
Artesia Renewable Diesel Company LLC,Artesia Renewable Diesel Company LLC,"Artesia, US",Hydrogenation-Derived Renewable Diesel,Animal fats,United States,TEMPORARY,Cradle-to-Grave,30,16-02-2024,January '23,ACTIVE
Artesia Renewable Diesel Company LLC,Artesia Renewable Diesel Company LLC,"Artesia, US",Hydrogenation-Derived Renewable Diesel,Vegetable oil from oilseed (soybean),Midwest (US),TEMPORARY,Cradle-to-Grave,30,16-02-2024,January '23,ACTIVE
Artesia Renewable Diesel Company LLC,Artesia Renewable Diesel Company LLC,"Artesia, US",Hydrogenation-Derived Renewable Diesel,Corn,United States,TEMPORARY,Cradle-to-Grave,57,16-02-2024,January '23,ACTIVE
Artesia Renewable Diesel Company LLC,Artesia Renewable Diesel Company LLC,"Artesia, US",Hydrogenation-Derived Renewable Diesel,Corn oil,"Indiana, US",FINAL,Cradle-to-Grave,PENDING APPROVAL,N/A,Summer '24,PENDING APPROVAL
Artesia Renewable Diesel Company LLC,Artesia Renewable Diesel Company LLC,"Artesia, US",Hydrogenation-Derived Renewable Diesel,Animal fats,"Wyoming, US",FINAL,Cradle-to-Grave,PENDING APPROVAL,N/A,Summer '24,PENDING APPROVAL
Artesia Renewable Diesel Company LLC,Artesia Renewable Diesel Company LLC,"Artesia, US",Hydrogenation-Derived Renewable Diesel,Vegetable oil from oilseed (soybean),"Indiana, US",FINAL,Cradle-to-Grave,PENDING APPROVAL,N/A,Summer '24,PENDING APPROVAL
Artesia Renewable Diesel Company LLC,Artesia Renewable Diesel Company LLC,"Artesia, US",Hydrogenation-Derived Renewable Diesel,Raw used cooking oil (UCO),"Indiana, US",FINAL,Cradle-to-Grave,PENDING APPROVAL,N/A,Summer '24,PENDING APPROVAL
"Assai Energy, LLC",Assai,"Throop, US",Renewable Natural Gas,Landfill gas,"Throop, US",FINAL,Cradle-to-Grave,PENDING APPROVAL,N/A,Summer '24,PENDING APPROVAL
Aztalan Bio LLC,Aztalan Bio LLC,"Johnson Creek, US",Ethanol,Corn,United States,TEMPORARY,Cradle-to-Grave,PENDING APPROVAL,N/A,Summer '24,PENDING APPROVAL
"Badger State Ethanol, LLC","Badger State Ethanol, LLC.","Monroe, US",Ethanol,CONFIDENTIAL,CONFIDENTIAL,FINAL,Cradle-to-Grave,CONFIDENTIAL,27-06-2023,January '23,ACTIVE
"Badger State Ethanol, LLC","Badger State Ethanol, LLC.","Monroe, US",Ethanol,CONFIDENTIAL,CONFIDENTIAL,FINAL,Cradle-to-Grave,PENDING APPROVAL,N/A,Summer '24,PENDING APPROVAL
"Big River Resources Boyceville, LLC","Big River Resources Boyceville, LLC","Boyceville, US",Ethanol,Corn,"Wisconsin, US",FINAL,Cradle-to-Grave,39,24-11-2023,January '23,ACTIVE
"Big River Resources Boyceville, LLC","Big River Resources Boyceville, LLC","Boyceville, US",Ethanol,Corn,United States,FINAL,Cradle-to-Grave,PENDING APPROVAL,N/A,Summer '24,PENDING APPROVAL
"Big River United Energy, LLC","Big River United Energy, LLC","Dyersville, US",Ethanol,Corn,"Iowa, US",FINAL,Cradle-to-Grave,37,24-11-2023,January '23,ACTIVE
"Big River United Energy, LLC","Big River United Energy, LLC","Dyersville, US",Ethanol,Corn,United States,FINAL,Cradle-to-Grave,PENDING APPROVAL,N/A,Summer '24,PENDING APPROVAL
Bioénergie AE Côte-Nord Canada Inc,Bioénergie AE Côte-Nord Canada Inc.,"Port-Cartier, CA",Pyrolysis oil,Forest Residues,"Québec, CA",TEMPORARY,Cradle-to-Grave,CONFIDENTIAL,21-07-2024,January '23,INACTIVE
Bioénergie AE Côte-Nord Canada Inc,Bioénergie AE Côte-Nord Canada Inc.,"Port-Cartier, CA",Pyrolysis oil,Co-produits de scierie,"Québec, CA",TEMPORARY,Cradle-to-Grave,CONFIDENTIAL,21-07-2024,January '23,INACTIVE
BIOX Canada Limited,BIOX Canada Limited,"Hamilton, CA",Biodiesel,Vegetable oil from oilseed (soybean),United States,FINAL,Cradle-to-Grave,PENDING APPROVAL,N/A,Summer '24,PENDING APPROVAL
BIOX Canada Limited,BIOX Canada Limited,"Hamilton, CA",Biodiesel,"Yellow grease, from UCO","Ontario, CA",FINAL,Cradle-to-Grave,PENDING APPROVAL,N/A,Summer '24,PENDING APPROVAL
BIOX Canada Limited,BIOX Canada Limited,"Hamilton, CA",Biodiesel,Vegetable oil from oilseed (soybean),"Ontario, CA",FINAL,Cradle-to-Grave,PENDING APPROVAL,N/A,Summer '24,PENDING APPROVAL
BIOX Canada Limited,BIOX Canada Limited,"Hamilton, CA",Biodiesel,Corn oil,"Ontario, Québec (CA)",FINAL,Cradle-to-Grave,PENDING APPROVAL,N/A,Summer '24,PENDING APPROVAL
BIOX Canada Limited,BIOX Canada Limited,"Hamilton, CA",Biodiesel,Animal fats,"Québec, CA",FINAL,Cradle-to-Grave,PENDING APPROVAL,N/A,Summer '24,PENDING APPROVAL
"Blue Flint Ethanol, LLC","Blue Flint Ethanol, LLC","Underwood, US",Ethanol,Corn,"North Dakota, US",FINAL,Cradle-to-Grave,34,20-12-2024,Summer '24,ACTIVE
Canary Biofuels Inc.,Canary 1,"Lethbridge, CA",Biodiesel,Vegetable oil from oilseed (soybean),"Alberta, CA",TEMPORARY,Cradle-to-Grave,32,14-05-2024,January '23,ACTIVE
Canary Biofuels Inc.,Canary 1,"Lethbridge, CA",Biodiesel,Vegetable oil from oilseed (canola),"Saskatchawan, CA",TEMPORARY,Cradle-to-Grave,32,14-05-2024,January '23,ACTIVE
Canary Biofuels Inc.,Canary 1,"Lethbridge, CA",Biodiesel,Animal fats,"Alberta, CA",TEMPORARY,Cradle-to-Grave,34,14-05-2024,January '23,ACTIVE
Canary Biofuels Inc.,Canary 1,"Lethbridge, CA",Biodiesel,Corn,"North Dakota, US",TEMPORARY,Cradle-to-Grave,56,14-05-2024,January '23,ACTIVE
"Cardinal Ethanol, LLC","Cardinal Ethanol, LLC","Union City, US",Ethanol,CONFIDENTIAL,CONFIDENTIAL,FINAL,Cradle-to-Grave,CONFIDENTIAL,01-08-2023,January '23,ACTIVE
"Cardinal Ethanol, LLC","Cardinal Ethanol, LLC","Union City, US",Ethanol,CONFIDENTIAL,CONFIDENTIAL,FINAL,Cradle-to-Grave,PENDING APPROVAL,N/A,Summer '24,PENDING APPROVAL
Cargill Biofuels,Iowa Falls,"Iowa Falls, US",Biodiesel,Vegetable oil from oilseed (soybean),"Midwest, North Carolina (US)",FINAL,Cradle-to-Grave,21,20-10-2023,January '23,INACTIVE
Cargill Biofuels,Iowa Falls,"Iowa Falls, US",Biodiesel,Vegetable oil from oilseed (soybean),Midwest (US),FINAL,Cradle-to-Grave,18,23-05-2025,Summer '24,ACTIVE
Cargill Biofuels,Iowa Falls,"Iowa Falls, US",Biodiesel,Vegetable oil from oilseed (canola),"North Dakota, US, Saskatchewan (CA)",FINAL,Cradle-to-Grave,18,23-05-2025,Summer '24,ACTIVE
Cargill Biofuels,Paseo Cargill Energy - Kansas City,"Kansas City, US",Biodiesel,Vegetable oil from oilseed (soybean),Midwest (US),FINAL,Cradle-to-Grave,21,12-12-2023,January '23,INACTIVE
Cargill Biofuels,Paseo Cargill Energy - Kansas City,"Kansas City, US",Biodiesel,Vegetable oil from oilseed (soybean),"Missouri, Iowa, South Dakota, and North Carolina (US)",FINAL,Cradle-to-Grave,18,29-08-2025,Summer '24,ACTIVE
Cavendish Farms Corporation,Cavendish Farms (New Annan),CONFIDENTIAL,Biogas,CONFIDENTIAL,CONFIDENTIAL,FINAL,Cradle-to-Grave,CONFIDENTIAL,27-06-2025,Summer '24,ACTIVE
Cenovus Energy Inc.,Lloydminster Ethanol Plant,CONFIDENTIAL,Ethanol,CONFIDENTIAL,CONFIDENTIAL,FINAL,Cradle-to-Grave,CONFIDENTIAL,27-06-2023,January '23,ACTIVE
Cenovus Energy Inc.,Lloydminster Ethanol Plant,CONFIDENTIAL,Ethanol,CONFIDENTIAL,CONFIDENTIAL,FINAL,Cradle-to-Grave,CONFIDENTIAL,27-06-2023,January '23,ACTIVE
Cenovus Energy Inc.,Lloydminster Ethanol Plant,CONFIDENTIAL,Ethanol,CONFIDENTIAL,CONFIDENTIAL,FINAL,Cradle-to-Grave,PENDING APPROVAL,N/A,Summer '24,PENDING APPROVAL
Cenovus Energy Inc.,Lloydminster Ethanol Plant,CONFIDENTIAL,Ethanol,CONFIDENTIAL,CONFIDENTIAL,FINAL,Cradle-to-Grave,PENDING APPROVAL,N/A,Summer '24,PENDING APPROVAL
Cenovus Energy Inc.,Minnedosa Ethanol Plant,CONFIDENTIAL,Ethanol,CONFIDENTIAL,CONFIDENTIAL,FINAL,Cradle-to-Grave,CONFIDENTIAL,30-06-2023,January '23,INACTIVE
Cenovus Energy Inc.,Minnedosa Ethanol Plant,CONFIDENTIAL,Ethanol,CONFIDENTIAL,CONFIDENTIAL,FINAL,Cradle-to-Grave,CONFIDENTIAL,30-06-2023,January '23,ACTIVE
Cenovus Energy Inc.,Minnedosa Ethanol Plant,CONFIDENTIAL,Ethanol,CONFIDENTIAL,CONFIDENTIAL,FINAL,Cradle-to-Grave,CONFIDENTIAL,24-03-2025,Summer '24,ACTIVE
Cheyenne Renewable Diesel Company LLC,Cheyenne Renewable Diesel Company LLC,"Cheyenne, US",Hydrogenation-Derived Renewable Diesel,Vegetable oil from oilseed (soybean),United States,TEMPORARY,Cradle-to-Grave,36,16-02-2024,January '23,ACTIVE
Cheyenne Renewable Diesel Company LLC,Cheyenne Renewable Diesel Company LLC,"Cheyenne, US",Hydrogenation-Derived Renewable Diesel,Tallow,United States,TEMPORARY,Cradle-to-Grave,36,16-02-2024,January '23,ACTIVE
Cheyenne Renewable Diesel Company LLC,Cheyenne Renewable Diesel Company LLC,"Cheyenne, US",Hydrogenation-Derived Renewable Diesel,Vegetable oil from oilseed (soybean),"Indiana, US",FINAL,Cradle-to-Grave,PENDING APPROVAL,N/A,Summer '24,PENDING APPROVAL
Cheyenne Renewable Diesel Company LLC,Cheyenne Renewable Diesel Company LLC,"Cheyenne, US",Hydrogenation-Derived Renewable Diesel,Animal fats,"Indiana, US",FINAL,Cradle-to-Grave,PENDING APPROVAL,N/A,Summer '24,PENDING APPROVAL
Cheyenne Renewable Diesel Company LLC,Cheyenne Renewable Diesel Company LLC,"Cheyenne, US",Hydrogenation-Derived Renewable Diesel,Corn oil,"Indiana, US",FINAL,Cradle-to-Grave,PENDING APPROVAL,N/A,Summer '24,PENDING APPROVAL
Cheyenne Renewable Diesel Company LLC,Cheyenne Renewable Diesel Company LLC,"Cheyenne, US",Hydrogenation-Derived Renewable Diesel,Vegetable oil from oilseed (canola),"Saskatchawan, CA",FINAL,Cradle-to-Grave,PENDING APPROVAL,N/A,Summer '24,PENDING APPROVAL
Cheyenne Renewable Diesel Company LLC,Cheyenne Renewable Diesel Company LLC,"Cheyenne, US",Renewable Naphtha,Vegetable oil from oilseed (soybean),United States,TEMPORARY,Cradle-to-Grave,35,16-02-2024,January '23,ACTIVE
Cheyenne Renewable Diesel Company LLC,Cheyenne Renewable Diesel Company LLC,"Cheyenne, US",Renewable Naphtha,Animal fats,United States,TEMPORARY,Cradle-to-Grave,35,16-02-2024,January '23,ACTIVE
Cheyenne Renewable Diesel Company LLC,Cheyenne Renewable Diesel Company LLC,"Cheyenne, US",Renewable Naphtha,Vegetable oil from oilseed (soybean),"Indiana, US",FINAL,Cradle-to-Grave,PENDING APPROVAL,N/A,Summer '24,PENDING APPROVAL
Cheyenne Renewable Diesel Company LLC,Cheyenne Renewable Diesel Company LLC,"Cheyenne, US",Renewable Naphtha,Animal fats,"Indiana, US",FINAL,Cradle-to-Grave,PENDING APPROVAL,N/A,Summer '24,PENDING APPROVAL
Cheyenne Renewable Diesel Company LLC,Cheyenne Renewable Diesel Company LLC,"Cheyenne, US",Renewable Naphtha,Corn oil,"Indiana, US",FINAL,Cradle-to-Grave,PENDING APPROVAL,N/A,Summer '24,PENDING APPROVAL
Cheyenne Renewable Diesel Company LLC,Cheyenne Renewable Diesel Company LLC,"Cheyenne, US",Renewable Naphtha,Vegetable oil from oilseed (canola),"Saskatchawan, CA",FINAL,Cradle-to-Grave,PENDING APPROVAL,N/A,Summer '24,PENDING APPROVAL
"Conestoga Energy Partners, LLC","Arkalon Ethanol, LLC","Liberal, US",Ethanol,CONFIDENTIAL,CONFIDENTIAL,FINAL,Cradle-to-Grave,CONFIDENTIAL,02-08-2023,January '23,ACTIVE
"Conestoga Energy Partners, LLC","Arkalon Ethanol, LLC","Liberal, US",Ethanol,CONFIDENTIAL,CONFIDENTIAL,FINAL,Cradle-to-Grave,CONFIDENTIAL,02-08-2023,January '23,ACTIVE
"Conestoga Energy Partners, LLC","Bonanza BioEnergy, LLC","Garden City, US",Ethanol,CONFIDENTIAL,CONFIDENTIAL,FINAL,Cradle-to-Grave,CONFIDENTIAL,28-07-2023,January '23,ACTIVE
"Conestoga Energy Partners, LLC","Bonanza BioEnergy, LLC","Garden City, US",Ethanol,CONFIDENTIAL,CONFIDENTIAL,FINAL,Cradle-to-Grave,CONFIDENTIAL,28-07-2023,January '23,ACTIVE
"Conestoga Energy Partners, LLC","Bonanza BioEnergy, LLC","Garden City, US",Ethanol,CONFIDENTIAL,CONFIDENTIAL,FINAL,Cradle-to-Grave,PENDING APPROVAL,N/A,Summer '24,PENDING APPROVAL
"Conestoga Energy Partners, LLC","Bonanza BioEnergy, LLC","Garden City, US",Ethanol,CONFIDENTIAL,CONFIDENTIAL,FINAL,Cradle-to-Grave,PENDING APPROVAL,N/A,Summer '24,PENDING APPROVAL
"Conestoga Energy Partners, LLC","Bonanza BioEnergy, LLC","Garden City, US",Ethanol,CONFIDENTIAL,CONFIDENTIAL,FINAL,Cradle-to-Grave,PENDING APPROVAL,N/A,Summer '24,PENDING APPROVAL
"Dakota Spirit AgEnergy, LLC","Dakota Spirit AgEnergy, LLC","Spiritwood, US",Ethanol,Corn,"North Dakota, US",FINAL,Cradle-to-Grave,PENDING APPROVAL,N/A,Summer '24,PENDING APPROVAL
"DENCO II, LLC","DENCO II, LLC","Morris, US",Ethanol,Corn,"Minnesota, US",TEMPORARY,Cradle-to-Grave,41,08-03-2024,January '23,ACTIVE
Diamond Green Diesel LLC,DGD Port Arthur Plant,"Port Arthur, US",Hydrogenation-Derived Renewable Diesel,Vegetable oil from oilseed (soybean),CONFIDENTIAL,FINAL,Cradle-to-Grave,PENDING APPROVAL,N/A,Summer '24,PENDING APPROVAL
Diamond Green Diesel LLC,DGD Port Arthur Plant,"Port Arthur, US",Hydrogenation-Derived Renewable Diesel,Animal fats,CONFIDENTIAL,FINAL,Cradle-to-Grave,PENDING APPROVAL,N/A,Summer '24,PENDING APPROVAL
Diamond Green Diesel LLC,DGD Port Arthur Plant,"Port Arthur, US",Hydrogenation-Derived Renewable Diesel,"Yellow grease, from UCO",CONFIDENTIAL,FINAL,Cradle-to-Grave,PENDING APPROVAL,N/A,Summer '24,PENDING APPROVAL
Diamond Green Diesel LLC,DGD Port Arthur Plant,"Port Arthur, US",Hydrogenation-Derived Renewable Diesel,Animal fats,CONFIDENTIAL,FINAL,Cradle-to-Grave,PENDING APPROVAL,N/A,Summer '24,PENDING APPROVAL
Diamond Green Diesel LLC,DGD Port Arthur Plant,"Port Arthur, US",Hydrogenation-Derived Renewable Diesel,Animal fats,CONFIDENTIAL,FINAL,Cradle-to-Grave,PENDING APPROVAL,N/A,Summer '24,PENDING APPROVAL
Diamond Green Diesel LLC,DGD Port Arthur Plant,"Port Arthur, US",Hydrogenation-Derived Renewable Diesel,Corn oil,CONFIDENTIAL,FINAL,Cradle-to-Grave,PENDING APPROVAL,N/A,Summer '24,PENDING APPROVAL
Diamond Green Diesel LLC,DGD Port Arthur Plant,"Port Arthur, US",Hydrogenation-Derived Renewable Diesel,Animal fats,CONFIDENTIAL,FINAL,Cradle-to-Grave,PENDING APPROVAL,N/A,Summer '24,PENDING APPROVAL
Diamond Green Diesel LLC,DGD Port Arthur Plant,"Port Arthur, US",Hydrogenation-Derived Renewable Diesel,"Yellow grease, from UCO",CONFIDENTIAL,FINAL,Cradle-to-Grave,PENDING APPROVAL,N/A,Summer '24,PENDING APPROVAL
Diamond Green Diesel LLC,DGD Port Arthur Plant,"Port Arthur, US",Hydrogenation-Derived Renewable Diesel,Animal fats,CONFIDENTIAL,FINAL,Cradle-to-Grave,PENDING APPROVAL,N/A,Summer '24,PENDING APPROVAL
Diamond Green Diesel LLC,DGD Port Arthur Plant,"Port Arthur, US",Hydrogenation-Derived Renewable Diesel,"Yellow grease, from UCO",CONFIDENTIAL,FINAL,Cradle-to-Grave,PENDING APPROVAL,N/A,Summer '24,PENDING APPROVAL
Diamond Green Diesel LLC,DGD Port Arthur Plant,"Port Arthur, US",Hydrogenation-Derived Renewable Diesel,Animal fats,CONFIDENTIAL,FINAL,Cradle-to-Grave,PENDING APPROVAL,N/A,Summer '24,PENDING APPROVAL
Diamond Green Diesel LLC,DGD Port Arthur Plant,"Port Arthur, US",Hydrogenation-Derived Renewable Diesel,Vegetable oil from oilseed (canola),CONFIDENTIAL,FINAL,Cradle-to-Grave,PENDING APPROVAL,N/A,Summer '24,PENDING APPROVAL
Diamond Green Diesel LLC,DGD Port Arthur Plant,"Port Arthur, US",Hydrogenation-Derived Renewable Diesel,"Yellow grease, from UCO",CONFIDENTIAL,TEMPORARY,Cradle-to-Grave,25,18-06-2025,Summer '24,ACTIVE
Diamond Green Diesel LLC,DGD Port Arthur Plant,"Port Arthur, US",Hydrogenation-Derived Renewable Diesel,Vegetable oil from oilseed (soybean),CONFIDENTIAL,TEMPORARY,Cradle-to-Grave,26,18-06-2025,Summer '24,ACTIVE
Diamond Green Diesel LLC,DGD Port Arthur Plant,"Port Arthur, US",Hydrogenation-Derived Renewable Diesel,Vegetable oil from oilseed (canola),CONFIDENTIAL,TEMPORARY,Cradle-to-Grave,28,18-06-2025,Summer '24,ACTIVE
Diamond Green Diesel LLC,DGD Port Arthur Plant,"Port Arthur, US",Hydrogenation-Derived Renewable Diesel,Animal fats,CONFIDENTIAL,TEMPORARY,Cradle-to-Grave,30,18-06-2025,Summer '24,ACTIVE
Diamond Green Diesel LLC,DGD Port Arthur Plant,"Port Arthur, US",Hydrogenation-Derived Renewable Diesel,"Yellow grease, from UCO",CONFIDENTIAL,TEMPORARY,Cradle-to-Grave,32,18-06-2025,Summer '24,ACTIVE
Diamond Green Diesel LLC,DGD Port Arthur Plant,"Port Arthur, US",Hydrogenation-Derived Renewable Diesel,Animal fats,CONFIDENTIAL,TEMPORARY,Cradle-to-Grave,38,18-06-2025,Summer '24,ACTIVE
Diamond Green Diesel LLC,DGD Port Arthur Plant,"Port Arthur, US",Hydrogenation-Derived Renewable Diesel,"Yellow grease, from UCO",CONFIDENTIAL,TEMPORARY,Cradle-to-Grave,41,18-06-2025,Summer '24,ACTIVE
Diamond Green Diesel LLC,DGD Port Arthur Plant,"Port Arthur, US",Hydrogenation-Derived Renewable Diesel,Animal fats,CONFIDENTIAL,TEMPORARY,Cradle-to-Grave,42,18-06-2025,Summer '24,ACTIVE
Diamond Green Diesel LLC,DGD Port Arthur Plant,"Port Arthur, US",Hydrogenation-Derived Renewable Diesel,Corn oil,CONFIDENTIAL,TEMPORARY,Cradle-to-Grave,54,18-06-2025,Summer '24,ACTIVE
Diamond Green Diesel LLC,DGD Port Arthur Plant,"Port Arthur, US",Low-carbon-intensity fuel that is suitable for use in aviation,Animal fats,CONFIDENTIAL,FINAL,Cradle-to-Grave,PENDING APPROVAL,N/A,Summer '24,PENDING APPROVAL
Diamond Green Diesel LLC,DGD Port Arthur Plant,"Port Arthur, US",Low-carbon-intensity fuel that is suitable for use in aviation,Vegetable oil from oilseed (canola),CONFIDENTIAL,FINAL,Cradle-to-Grave,PENDING APPROVAL,N/A,Summer '24,PENDING APPROVAL
Diamond Green Diesel LLC,DGD Port Arthur Plant,"Port Arthur, US",Low-carbon-intensity fuel that is suitable for use in aviation,Animal fats,CONFIDENTIAL,FINAL,Cradle-to-Grave,PENDING APPROVAL,N/A,Summer '24,PENDING APPROVAL
Diamond Green Diesel LLC,DGD Port Arthur Plant,"Port Arthur, US",Low-carbon-intensity fuel that is suitable for use in aviation,"Yellow grease, from UCO",CONFIDENTIAL,FINAL,Cradle-to-Grave,PENDING APPROVAL,N/A,Summer '24,PENDING APPROVAL
Diamond Green Diesel LLC,DGD Port Arthur Plant,"Port Arthur, US",Low-carbon-intensity fuel that is suitable for use in aviation,Corn oil,CONFIDENTIAL,FINAL,Cradle-to-Grave,PENDING APPROVAL,N/A,Summer '24,PENDING APPROVAL
Diamond Green Diesel LLC,DGD Port Arthur Plant,"Port Arthur, US",Low-carbon-intensity fuel that is suitable for use in aviation,Animal fats,CONFIDENTIAL,FINAL,Cradle-to-Grave,PENDING APPROVAL,N/A,Summer '24,PENDING APPROVAL
Diamond Green Diesel LLC,DGD Port Arthur Plant,"Port Arthur, US",Low-carbon-intensity fuel that is suitable for use in aviation,"Yellow grease, from UCO",CONFIDENTIAL,FINAL,Cradle-to-Grave,PENDING APPROVAL,N/A,Summer '24,PENDING APPROVAL
Diamond Green Diesel LLC,DGD Port Arthur Plant,"Port Arthur, US",Low-carbon-intensity fuel that is suitable for use in aviation,Vegetable oil from oilseed (soybean),CONFIDENTIAL,FINAL,Cradle-to-Grave,PENDING APPROVAL,N/A,Summer '24,PENDING APPROVAL
Diamond Green Diesel LLC,DGD Port Arthur Plant,"Port Arthur, US",Renewable Naphtha,"Yellow grease, from UCO",CONFIDENTIAL,FINAL,Cradle-to-Grave,PENDING APPROVAL,N/A,Summer '24,PENDING APPROVAL
Diamond Green Diesel LLC,DGD Port Arthur Plant,"Port Arthur, US",Renewable Naphtha,Animal fats,CONFIDENTIAL,FINAL,Cradle-to-Grave,PENDING APPROVAL,N/A,Summer '24,PENDING APPROVAL
Diamond Green Diesel LLC,DGD Port Arthur Plant,"Port Arthur, US",Renewable Naphtha,"Yellow grease, from UCO",CONFIDENTIAL,FINAL,Cradle-to-Grave,PENDING APPROVAL,N/A,Summer '24,PENDING APPROVAL
Diamond Green Diesel LLC,DGD Port Arthur Plant,"Port Arthur, US",Renewable Naphtha,Animal fats,CONFIDENTIAL,FINAL,Cradle-to-Grave,PENDING APPROVAL,N/A,Summer '24,PENDING APPROVAL
Diamond Green Diesel LLC,DGD Port Arthur Plant,"Port Arthur, US",Renewable Naphtha,Corn oil,CONFIDENTIAL,FINAL,Cradle-to-Grave,PENDING APPROVAL,N/A,Summer '24,PENDING APPROVAL
Diamond Green Diesel LLC,DGD Port Arthur Plant,"Port Arthur, US",Renewable Naphtha,Animal fats,CONFIDENTIAL,FINAL,Cradle-to-Grave,PENDING APPROVAL,N/A,Summer '24,PENDING APPROVAL
Diamond Green Diesel LLC,DGD Port Arthur Plant,"Port Arthur, US",Renewable Naphtha,Animal fats,CONFIDENTIAL,FINAL,Cradle-to-Grave,PENDING APPROVAL,N/A,Summer '24,PENDING APPROVAL
Diamond Green Diesel LLC,DGD Port Arthur Plant,"Port Arthur, US",Renewable Naphtha,Vegetable oil from oilseed (soybean),CONFIDENTIAL,FINAL,Cradle-to-Grave,PENDING APPROVAL,N/A,Summer '24,PENDING APPROVAL
Diamond Green Diesel LLC,DGD Port Arthur Plant,"Port Arthur, US",Renewable Naphtha,"Yellow grease, from UCO",CONFIDENTIAL,FINAL,Cradle-to-Grave,PENDING APPROVAL,N/A,Summer '24,PENDING APPROVAL
Diamond Green Diesel LLC,DGD Port Arthur Plant,"Port Arthur, US",Renewable Naphtha,Animal fats,CONFIDENTIAL,FINAL,Cradle-to-Grave,PENDING APPROVAL,N/A,Summer '24,PENDING APPROVAL
Diamond Green Diesel LLC,DGD Port Arthur Plant,"Port Arthur, US",Renewable Naphtha,Animal fats,CONFIDENTIAL,FINAL,Cradle-to-Grave,PENDING APPROVAL,N/A,Summer '24,PENDING APPROVAL
Diamond Green Diesel LLC,DGD Port Arthur Plant,"Port Arthur, US",Renewable Naphtha,Vegetable oil from oilseed (canola),CONFIDENTIAL,FINAL,Cradle-to-Grave,PENDING APPROVAL,N/A,Summer '24,PENDING APPROVAL
Diamond Green Diesel LLC,DGD Port Arthur Plant,"Port Arthur, US",Renewable Naphtha,"Yellow grease, from UCO",CONFIDENTIAL,TEMPORARY,Cradle-to-Grave,23,18-06-2025,Summer '24,ACTIVE
Diamond Green Diesel LLC,DGD Port Arthur Plant,"Port Arthur, US",Renewable Naphtha,Vegetable oil from oilseed (soybean),CONFIDENTIAL,TEMPORARY,Cradle-to-Grave,24,18-06-2025,Summer '24,ACTIVE
Diamond Green Diesel LLC,DGD Port Arthur Plant,"Port Arthur, US",Renewable Naphtha,Vegetable oil from oilseed (canola),CONFIDENTIAL,TEMPORARY,Cradle-to-Grave,25,18-06-2025,Summer '24,ACTIVE
Diamond Green Diesel LLC,DGD Port Arthur Plant,"Port Arthur, US",Renewable Naphtha,Animal fats,CONFIDENTIAL,TEMPORARY,Cradle-to-Grave,28,18-06-2025,Summer '24,ACTIVE
Diamond Green Diesel LLC,DGD Port Arthur Plant,"Port Arthur, US",Renewable Naphtha,"Yellow grease, from UCO",CONFIDENTIAL,TEMPORARY,Cradle-to-Grave,29,18-06-2025,Summer '24,ACTIVE
Diamond Green Diesel LLC,DGD Port Arthur Plant,"Port Arthur, US",Renewable Naphtha,Animal fats,CONFIDENTIAL,TEMPORARY,Cradle-to-Grave,36,18-06-2025,Summer '24,ACTIVE
Diamond Green Diesel LLC,DGD Port Arthur Plant,"Port Arthur, US",Renewable Naphtha,"Yellow grease, from UCO",CONFIDENTIAL,TEMPORARY,Cradle-to-Grave,38,18-06-2025,Summer '24,ACTIVE
Diamond Green Diesel LLC,DGD Port Arthur Plant,"Port Arthur, US",Renewable Naphtha,Animal fats,CONFIDENTIAL,TEMPORARY,Cradle-to-Grave,39,18-06-2025,Summer '24,ACTIVE
Diamond Green Diesel LLC,DGD Port Arthur Plant,"Port Arthur, US",Renewable Naphtha,Corn oil,CONFIDENTIAL,TEMPORARY,Cradle-to-Grave,51,18-06-2025,Summer '24,ACTIVE
Diamond Green Diesel LLC,DGD St. Charles Plant,"Norco, US",Hydrogenation-Derived Renewable Diesel,Used vegetable oil,CONFIDENTIAL,FINAL,Cradle-to-Grave,20,26-06-2024,January '23,INACTIVE
Diamond Green Diesel LLC,DGD St. Charles Plant,"Norco, US",Hydrogenation-Derived Renewable Diesel,Used vegetable oil,CONFIDENTIAL,FINAL,Cradle-to-Grave,22,26-06-2024,January '23,INACTIVE
Diamond Green Diesel LLC,DGD St. Charles Plant,"Norco, US",Hydrogenation-Derived Renewable Diesel,Used vegetable oil,CONFIDENTIAL,FINAL,Cradle-to-Grave,22,26-06-2024,January '23,INACTIVE
Diamond Green Diesel LLC,DGD St. Charles Plant,"Norco, US",Hydrogenation-Derived Renewable Diesel,Used vegetable oil,CONFIDENTIAL,FINAL,Cradle-to-Grave,24,26-06-2024,January '23,INACTIVE
Diamond Green Diesel LLC,DGD St. Charles Plant,"Norco, US",Hydrogenation-Derived Renewable Diesel,Vegetable oil from oilseed (soybean),CONFIDENTIAL,FINAL,Cradle-to-Grave,25,26-06-2024,January '23,INACTIVE
Diamond Green Diesel LLC,DGD St. Charles Plant,"Norco, US",Hydrogenation-Derived Renewable Diesel,Vegetable oil from oilseed (canola),CONFIDENTIAL,FINAL,Cradle-to-Grave,27,26-06-2024,January '23,INACTIVE
Diamond Green Diesel LLC,DGD St. Charles Plant,"Norco, US",Hydrogenation-Derived Renewable Diesel,Tallow,CONFIDENTIAL,FINAL,Cradle-to-Grave,28,26-06-2024,January '23,INACTIVE
Diamond Green Diesel LLC,DGD St. Charles Plant,"Norco, US",Hydrogenation-Derived Renewable Diesel,Tallow,CONFIDENTIAL,FINAL,Cradle-to-Grave,28,26-06-2024,January '23,INACTIVE
Diamond Green Diesel LLC,DGD St. Charles Plant,"Norco, US",Hydrogenation-Derived Renewable Diesel,Tallow,CONFIDENTIAL,FINAL,Cradle-to-Grave,28,26-06-2024,January '23,INACTIVE
Diamond Green Diesel LLC,DGD St. Charles Plant,"Norco, US",Hydrogenation-Derived Renewable Diesel,Tallow,CONFIDENTIAL,FINAL,Cradle-to-Grave,30,26-06-2024,January '23,INACTIVE
Diamond Green Diesel LLC,DGD St. Charles Plant,"Norco, US",Hydrogenation-Derived Renewable Diesel,Tallow,CONFIDENTIAL,FINAL,Cradle-to-Grave,31,26-06-2024,January '23,INACTIVE
Diamond Green Diesel LLC,DGD St. Charles Plant,"Norco, US",Hydrogenation-Derived Renewable Diesel,Corn,CONFIDENTIAL,FINAL,Cradle-to-Grave,52,26-06-2024,January '23,INACTIVE
Diamond Green Diesel LLC,DGD St. Charles Plant,"Norco, US",Hydrogenation-Derived Renewable Diesel,"Yellow grease, from UCO",CONFIDENTIAL,FINAL,Cradle-to-Grave,22,11-06-2025,Summer '24,ACTIVE
Diamond Green Diesel LLC,DGD St. Charles Plant,"Norco, US",Hydrogenation-Derived Renewable Diesel,Vegetable oil from oilseed (soybean),CONFIDENTIAL,FINAL,Cradle-to-Grave,23,11-06-2025,Summer '24,ACTIVE
Diamond Green Diesel LLC,DGD St. Charles Plant,"Norco, US",Hydrogenation-Derived Renewable Diesel,Vegetable oil from oilseed (canola),CONFIDENTIAL,FINAL,Cradle-to-Grave,25,11-06-2025,Summer '24,ACTIVE
Diamond Green Diesel LLC,DGD St. Charles Plant,"Norco, US",Hydrogenation-Derived Renewable Diesel,Animal fats,CONFIDENTIAL,FINAL,Cradle-to-Grave,28,11-06-2025,Summer '24,ACTIVE
Diamond Green Diesel LLC,DGD St. Charles Plant,"Norco, US",Hydrogenation-Derived Renewable Diesel,"Yellow grease, from UCO",CONFIDENTIAL,FINAL,Cradle-to-Grave,34,11-06-2025,Summer '24,ACTIVE
Diamond Green Diesel LLC,DGD St. Charles Plant,"Norco, US",Hydrogenation-Derived Renewable Diesel,Animal fats,CONFIDENTIAL,FINAL,Cradle-to-Grave,37,11-06-2025,Summer '24,ACTIVE
Diamond Green Diesel LLC,DGD St. Charles Plant,"Norco, US",Hydrogenation-Derived Renewable Diesel,"Yellow grease, from UCO",CONFIDENTIAL,FINAL,Cradle-to-Grave,38,11-06-2025,Summer '24,ACTIVE
Diamond Green Diesel LLC,DGD St. Charles Plant,"Norco, US",Hydrogenation-Derived Renewable Diesel,Animal fats,CONFIDENTIAL,FINAL,Cradle-to-Grave,40,11-06-2025,Summer '24,ACTIVE
Diamond Green Diesel LLC,DGD St. Charles Plant,"Norco, US",Hydrogenation-Derived Renewable Diesel,Animal fats,CONFIDENTIAL,FINAL,Cradle-to-Grave,40,11-06-2025,Summer '24,ACTIVE
Diamond Green Diesel LLC,DGD St. Charles Plant,"Norco, US",Hydrogenation-Derived Renewable Diesel,Animal fats,CONFIDENTIAL,FINAL,Cradle-to-Grave,43,11-06-2025,Summer '24,ACTIVE
Diamond Green Diesel LLC,DGD St. Charles Plant,"Norco, US",Hydrogenation-Derived Renewable Diesel,Corn oil,CONFIDENTIAL,FINAL,Cradle-to-Grave,53,11-06-2025,Summer '24,ACTIVE
Diamond Green Diesel LLC,DGD St. Charles Plant,"Norco, US",Hydrogenation-Derived Renewable Diesel,"Yellow grease, from UCO",CONFIDENTIAL,FINAL,Cradle-to-Grave,28,13-06-2025,Summer '24,ACTIVE
Diamond Green Diesel LLC,DGD St. Charles Plant,"Norco, US",Hydrogenation-Derived Renewable Diesel,"Yellow grease, from UCO",CONFIDENTIAL,FINAL,Cradle-to-Grave,30,13-06-2025,Summer '24,ACTIVE
Diamond Green Diesel LLC,DGD St. Charles Plant,"Norco, US",Hydrogenation-Derived Renewable Diesel,Animal fats,CONFIDENTIAL,FINAL,Cradle-to-Grave,33,13-06-2025,Summer '24,ACTIVE
Diamond Green Diesel LLC,DGD St. Charles Plant,"Norco, US",Hydrogenation-Derived Renewable Diesel,Animal fats,CONFIDENTIAL,FINAL,Cradle-to-Grave,35,13-06-2025,Summer '24,ACTIVE
Diamond Green Diesel LLC,DGD St. Charles Plant,"Norco, US",Renewable Naphtha,Used vegetable oil,CONFIDENTIAL,FINAL,Cradle-to-Grave,20,26-06-2024,January '23,INACTIVE
Diamond Green Diesel LLC,DGD St. Charles Plant,"Norco, US",Renewable Naphtha,Used vegetable oil,CONFIDENTIAL,FINAL,Cradle-to-Grave,23,26-06-2024,January '23,INACTIVE
Diamond Green Diesel LLC,DGD St. Charles Plant,"Norco, US",Renewable Naphtha,Used vegetable oil,CONFIDENTIAL,FINAL,Cradle-to-Grave,23,26-06-2024,January '23,INACTIVE
Diamond Green Diesel LLC,DGD St. Charles Plant,"Norco, US",Renewable Naphtha,Used vegetable oil,CONFIDENTIAL,FINAL,Cradle-to-Grave,25,26-06-2024,January '23,INACTIVE
Diamond Green Diesel LLC,DGD St. Charles Plant,"Norco, US",Renewable Naphtha,Vegetable oil from oilseed (soybean),CONFIDENTIAL,FINAL,Cradle-to-Grave,26,26-06-2024,January '23,INACTIVE
Diamond Green Diesel LLC,DGD St. Charles Plant,"Norco, US",Renewable Naphtha,Vegetable oil from oilseed (canola),CONFIDENTIAL,FINAL,Cradle-to-Grave,27,26-06-2024,January '23,INACTIVE
Diamond Green Diesel LLC,DGD St. Charles Plant,"Norco, US",Renewable Naphtha,Tallow,CONFIDENTIAL,FINAL,Cradle-to-Grave,28,26-06-2024,January '23,INACTIVE
Diamond Green Diesel LLC,DGD St. Charles Plant,"Norco, US",Renewable Naphtha,Tallow,CONFIDENTIAL,FINAL,Cradle-to-Grave,28,26-06-2024,January '23,INACTIVE
Diamond Green Diesel LLC,DGD St. Charles Plant,"Norco, US",Renewable Naphtha,Tallow,CONFIDENTIAL,FINAL,Cradle-to-Grave,29,26-06-2024,January '23,INACTIVE
Diamond Green Diesel LLC,DGD St. Charles Plant,"Norco, US",Renewable Naphtha,Tallow,CONFIDENTIAL,FINAL,Cradle-to-Grave,30,26-06-2024,January '23,INACTIVE
Diamond Green Diesel LLC,DGD St. Charles Plant,"Norco, US",Renewable Naphtha,Tallow,CONFIDENTIAL,FINAL,Cradle-to-Grave,31,26-06-2024,January '23,INACTIVE
Diamond Green Diesel LLC,DGD St. Charles Plant,"Norco, US",Renewable Naphtha,Corn,CONFIDENTIAL,FINAL,Cradle-to-Grave,53,26-06-2024,January '23,INACTIVE
Diamond Green Diesel LLC,DGD St. Charles Plant,"Norco, US",Renewable Naphtha,"Yellow grease, from UCO",CONFIDENTIAL,FINAL,Cradle-to-Grave,21,11-06-2025,Summer '24,ACTIVE
Diamond Green Diesel LLC,DGD St. Charles Plant,"Norco, US",Renewable Naphtha,Vegetable oil from oilseed (soybean),CONFIDENTIAL,FINAL,Cradle-to-Grave,22,11-06-2025,Summer '24,ACTIVE
Diamond Green Diesel LLC,DGD St. Charles Plant,"Norco, US",Renewable Naphtha,Vegetable oil from oilseed (canola),CONFIDENTIAL,FINAL,Cradle-to-Grave,24,11-06-2025,Summer '24,ACTIVE
Diamond Green Diesel LLC,DGD St. Charles Plant,"Norco, US",Renewable Naphtha,Animal fats,CONFIDENTIAL,FINAL,Cradle-to-Grave,27,11-06-2025,Summer '24,ACTIVE
Diamond Green Diesel LLC,DGD St. Charles Plant,"Norco, US",Renewable Naphtha,"Yellow grease, from UCO",CONFIDENTIAL,FINAL,Cradle-to-Grave,33,11-06-2025,Summer '24,ACTIVE
Diamond Green Diesel LLC,DGD St. Charles Plant,"Norco, US",Renewable Naphtha,Animal fats,CONFIDENTIAL,FINAL,Cradle-to-Grave,36,11-06-2025,Summer '24,ACTIVE
Diamond Green Diesel LLC,DGD St. Charles Plant,"Norco, US",Renewable Naphtha,"Yellow grease, from UCO",CONFIDENTIAL,FINAL,Cradle-to-Grave,37,11-06-2025,Summer '24,ACTIVE
Diamond Green Diesel LLC,DGD St. Charles Plant,"Norco, US",Renewable Naphtha,Animal fats,CONFIDENTIAL,FINAL,Cradle-to-Grave,39,11-06-2025,Summer '24,ACTIVE
Diamond Green Diesel LLC,DGD St. Charles Plant,"Norco, US",Renewable Naphtha,Animal fats,CONFIDENTIAL,FINAL,Cradle-to-Grave,39,11-06-2025,Summer '24,ACTIVE
Diamond Green Diesel LLC,DGD St. Charles Plant,"Norco, US",Renewable Naphtha,Animal fats,CONFIDENTIAL,FINAL,Cradle-to-Grave,42,11-06-2025,Summer '24,ACTIVE
Diamond Green Diesel LLC,DGD St. Charles Plant,"Norco, US",Renewable Naphtha,Corn oil,CONFIDENTIAL,FINAL,Cradle-to-Grave,52,11-06-2025,Summer '24,ACTIVE
Diamond Green Diesel LLC,DGD St. Charles Plant,"Norco, US",Renewable Naphtha,"Yellow grease, from UCO",CONFIDENTIAL,FINAL,Cradle-to-Grave,27,13-06-2025,Summer '24,ACTIVE
Diamond Green Diesel LLC,DGD St. Charles Plant,"Norco, US",Renewable Naphtha,"Yellow grease, from UCO",CONFIDENTIAL,FINAL,Cradle-to-Grave,29,13-06-2025,Summer '24,ACTIVE
Diamond Green Diesel LLC,DGD St. Charles Plant,"Norco, US",Renewable Naphtha,Animal fats,CONFIDENTIAL,FINAL,Cradle-to-Grave,32,13-06-2025,Summer '24,ACTIVE
Diamond Green Diesel LLC,DGD St. Charles Plant,"Norco, US",Renewable Naphtha,Animal fats,CONFIDENTIAL,FINAL,Cradle-to-Grave,34,13-06-2025,Summer '24,ACTIVE
"Didion Ethanol, LLC","Didion Ethanol, LLC","Cambria, US",Ethanol,Corn,United States,FINAL,Cradle-to-Grave,43,25-03-2024,January '23,ACTIVE
"Énergir, s.e.c.",Centre de Traitement de la Biomasse de la Montérégie inc.,CONFIDENTIAL,Renewable Natural Gas,CONFIDENTIAL,CONFIDENTIAL,TEMPORARY,Cradle-to-Grave,PENDING APPROVAL,N/A,January '23,PENDING APPROVAL
"Énergir, s.e.c.",Centre de Traitement de la Biomasse de la Montérégie inc.,CONFIDENTIAL,Renewable Natural Gas,CONFIDENTIAL,CONFIDENTIAL,TEMPORARY,Cradle-to-Grave,PENDING APPROVAL,N/A,January '23,PENDING APPROVAL
Federated Co-operatives Limited,102078290 Saskatchewan Ltd.,"Belle Plaine, CA",Ethanol,Rye,CONFIDENTIAL,FINAL,Cradle-to-Grave,30,02-05-2025,Summer '24,ACTIVE
Federated Co-operatives Limited,102078290 Saskatchewan Ltd.,"Belle Plaine, CA",Ethanol,"Wheat, non-durum",CONFIDENTIAL,FINAL,Cradle-to-Grave,34,02-05-2025,Summer '24,ACTIVE
Federated Co-operatives Limited,102078290 Saskatchewan Ltd.,"Belle Plaine, CA",Ethanol,"Wheat, durum",CONFIDENTIAL,FINAL,Cradle-to-Grave,37,02-05-2025,Summer '24,ACTIVE
Federated Co-operatives Limited,102078290 Saskatchewan Ltd.,"Belle Plaine, CA",Ethanol,Triticale,CONFIDENTIAL,FINAL,Cradle-to-Grave,42,02-05-2025,Summer '24,ACTIVE
Federated Co-operatives Limited,102078290 Saskatchewan Ltd.,"Belle Plaine, CA",Ethanol,Corn,CONFIDENTIAL,FINAL,Cradle-to-Grave,49,02-05-2025,Summer '24,ACTIVE
FortisBC Energy Inc.,Glenmore Landfill Biogas,"Kelowna, CA",Renewable Natural Gas,Landfill gas,"Kelowna, British Columbia, CA",FINAL,Cradle-to-Grave,PENDING APPROVAL,N/A,Summer '24,PENDING APPROVAL
"Fox River Valley Ethanol, LLC","Fox River Valley Ethanol, LLC","Oshkosh, US",Ethanol,CONFIDENTIAL,CONFIDENTIAL,FINAL,Cradle-to-Grave,CONFIDENTIAL,07-11-2025,Summer '24,ACTIVE
Freedom Fuel Comtech Ltd,ComTech Pepsi Spoke Station Cambridge,"Cambridge, CA",Compressed Natural Gas,N/A,N/A,TEMPORARY,N/A,69,30-06-2024,January '23,ACTIVE
"Gaz Métro GNL, s.e.c.",Usine LSR,"Montréal, CA",Liquefied Natural Gas,N/A,N/A,FINAL,N/A,PENDING APPROVAL,N/A,Summer '24,PENDING APPROVAL
"Gaz Métro Solutions Transport, s.e.c.",SGNL01 Transport Robert Boucherville,"Boucherville, CA",Liquefied Natural Gas,N/A,N/A,FINAL,N/A,PENDING APPROVAL,N/A,Summer '24,PENDING APPROVAL
"Gaz Métro Solutions Transport, s.e.c.",SGNL02 Transport Robert Mississauga,"Mississauga, CA",Liquefied Natural Gas,N/A,N/A,FINAL,N/A,PENDING APPROVAL,N/A,Summer '24,PENDING APPROVAL
"Gaz Métro Solutions Transport, s.e.c.",SGNLI01 Excellence Peterbuilt,"Sainte-Julie, CA",Liquefied Natural Gas,N/A,N/A,FINAL,N/A,PENDING APPROVAL,N/A,Summer '24,PENDING APPROVAL
"Gaz Métro Solutions Transport, s.e.c.",SGNLI02 GMST Cornwall,"Cornwall, CA",Liquefied Natural Gas,N/A,N/A,FINAL,N/A,PENDING APPROVAL,N/A,Summer '24,PENDING APPROVAL
"Gaz Métro Solutions Transport, s.e.c.",SGNLI03 SME GMST Lévis,"Lévis, CA",Liquefied Natural Gas,N/A,N/A,FINAL,N/A,PENDING APPROVAL,N/A,Summer '24,PENDING APPROVAL
Glacial Lakes Energy,"Hub City Energy, LLC","Aberdeen, US",Ethanol,Corn,United States,FINAL,Cradle-to-Grave,PENDING APPROVAL,N/A,Summer '24,PENDING APPROVAL
Glacial Lakes Energy,"Huron Energy, LLC","Huron, US",Ethanol,Corn,"South Dakota, US",FINAL,Cradle-to-Grave,CONFIDENTIAL,19-02-2024,January '23,ACTIVE
Glacial Lakes Energy,"Huron Energy, LLC","Huron, US",Ethanol,Corn,"South Dakota, US",FINAL,Cradle-to-Grave,PENDING APPROVAL,N/A,Summer '24,PENDING APPROVAL
Granite Falls Energy LLC,Granite Falls Energy LLC,"Granite Falls, US",Ethanol,Corn,"Minnesota, US",FINAL,Cradle-to-Grave,38,08-11-2023,January '23,INACTIVE
Granite Falls Energy LLC,Granite Falls Energy LLC,"Granite Falls, US",Ethanol,Corn,United States,FINAL,Cradle-to-Grave,36,14-04-2025,Summer '24,ACTIVE
Green Plains Trade Group LLC,Green Plains Otter Tail LLC,"Fergus Falls, US",Ethanol,Corn,"Minnesota, US",FINAL,Cradle-to-Grave,40,30-06-2023,January '23,ACTIVE
Green Plains Trade Group LLC,Green Plains Otter Tail LLC,"Fergus Falls, US",Ethanol,Corn,"Minnesota, US",FINAL,Cradle-to-Grave,PENDING APPROVAL,N/A,Summer '24,PENDING APPROVAL
Green Plains Trade Group LLC,Green Plains Shenandoah LLC,"Shenandoah, US",Ethanol,Corn,"Iowa, US",FINAL,Cradle-to-Grave,44,19-06-2024,January '23,ACTIVE
Green Plains Trade Group LLC,Green Plains Shenandoah LLC,"Shenandoah, US",Ethanol,Corn,"Iowa, US",FINAL,Cradle-to-Grave,PENDING APPROVAL,N/A,Summer '24,PENDING APPROVAL
Greenfield Global Quebec Inc.,Greenfield Global Johnstown,"Johnstown, CA",Ethanol,Corn,Global,FINAL,Cradle-to-Grave,CONFIDENTIAL,18-05-2023,January '23,ACTIVE
Greenfield Global Quebec Inc.,Greenfield Global Tiverton,"Tiverton, CA",Ethanol,Corn,Global,FINAL,Cradle-to-Grave,CONFIDENTIAL,30-06-2023,January '23,ACTIVE
Greenfield Global Quebec Inc.,Greenfield Global Tiverton,"Tiverton, CA",Ethanol,Corn,"Bruce County, CA",FINAL,Cradle-to-Grave,PENDING APPROVAL,N/A,Summer '24,PENDING APPROVAL
Greenfield Global Quebec Inc.,Greenfield Global Varennes,"Varennes, CA",Ethanol,Corn,Global,FINAL,Cradle-to-Grave,CONFIDENTIAL,18-05-2023,January '23,ACTIVE
Greenfield Global Quebec Inc.,Greenfield Global Varennes,"Varennes, CA",Ethanol,Corn,"Ontario, Québec (CA)",FINAL,Cradle-to-Grave,PENDING APPROVAL,N/A,Summer '24,PENDING APPROVAL
Greenfield Global Winnebago LLC,Greenfield Global Winnebago,"Winnebago, US",Ethanol,Corn,Global,TEMPORARY,Cradle-to-Grave,46,30-06-2023,January '23,INACTIVE
Greenfield Global Winnebago LLC,Greenfield Global Winnebago,"Winnebago, US",Ethanol,Corn,"Minnesota, US",FINAL,Cradle-to-Grave,PENDING APPROVAL,N/A,Summer '24,PENDING APPROVAL
"Highwater Ethanol, LLC","Highwater Ethanol, LLC","Lamberton, US",Ethanol,Corn,"Minnesota, US",FINAL,Cradle-to-Grave,PENDING APPROVAL,N/A,Summer '24,PENDING APPROVAL
"Incobrasa Industries, Ltd.","Incobrasa Industries, Ltd.","Gilman, US",Biodiesel,Vegetable oil from oilseed (soybean),Midwest (US),FINAL,Cradle-to-Grave,29,05-03-2024,January '23,ACTIVE
INNOLTEK inc.,INNOLTEK,"SAINT-JEAN-SUR-RICHELIEU, CA",Biodiesel,Used vegetable oil,CONFIDENTIAL,FINAL,Cradle-to-Grave,14,08-03-2024,January '23,INACTIVE
INNOLTEK inc.,INNOLTEK,"SAINT-JEAN-SUR-RICHELIEU, CA",Biodiesel,Used vegetable oil,CONFIDENTIAL,FINAL,Cradle-to-Grave,15,08-03-2024,January '23,INACTIVE
INNOLTEK inc.,INNOLTEK,"SAINT-JEAN-SUR-RICHELIEU, CA",Biodiesel,Used vegetable oil,CONFIDENTIAL,FINAL,Cradle-to-Grave,18,08-03-2024,January '23,INACTIVE
INNOLTEK inc.,INNOLTEK,"SAINT-JEAN-SUR-RICHELIEU, CA",Biodiesel,Animal fats,CONFIDENTIAL,FINAL,Cradle-to-Grave,20,08-03-2024,January '23,INACTIVE
INNOLTEK inc.,INNOLTEK,"SAINT-JEAN-SUR-RICHELIEU, CA",Biodiesel,"Yellow grease, from UCO",CONFIDENTIAL,FINAL,Cradle-to-Grave,17,22-04-2025,Summer '24,ACTIVE
INNOLTEK inc.,INNOLTEK,"SAINT-JEAN-SUR-RICHELIEU, CA",Biodiesel,Vegetable oil from oilseed (soybean),CONFIDENTIAL,FINAL,Cradle-to-Grave,17,22-04-2025,Summer '24,ACTIVE
INNOLTEK inc.,INNOLTEK,"SAINT-JEAN-SUR-RICHELIEU, CA",Biodiesel,Animal fats,CONFIDENTIAL,FINAL,Cradle-to-Grave,18,22-04-2025,Summer '24,ACTIVE
Inpasa Agroindustrial SA,Inpasa Dourados,"Dourados, BR",Ethanol,Corn,Brazil,FINAL,Cradle-to-Grave,PENDING APPROVAL,N/A,Summer '24,PENDING APPROVAL
"Iowa Renewable Energy, LLC.",Iowa Renewable Energy - Plant Operations,"Washington, US",Biodiesel,Vegetable oil from oilseed (soybean),"Iowa, Wisconsin, Illinois, Missouri, Nebraska, North Dakota, South Dakota (US)",FINAL,Cradle-to-Grave,PENDING APPROVAL,N/A,Summer '24,PENDING APPROVAL
"Iowa Renewable Energy, LLC.",Iowa Renewable Energy - Plant Operations,"Washington, US",Biodiesel,Vegetable oil from oilseed (canola),Canada,FINAL,Cradle-to-Grave,PENDING APPROVAL,N/A,Summer '24,PENDING APPROVAL
Kawartha Ethanol Inc,Kawartha Ethanol Inc.,"Havelock, CA",Ethanol,Corn,Canada,TEMPORARY,Cradle-to-Grave,48,26-03-2024,January '23,INACTIVE
Kawartha Ethanol Inc,Kawartha Ethanol Inc.,"Havelock, CA",Ethanol,Corn,Canada,FINAL,Cradle-to-Grave,37,27-06-2025,Summer '24,ACTIVE
Kawartha Ethanol Inc,Kawartha Ethanol Inc.,"Havelock, CA",Ethanol,Corn,"Ontario, CA",TEMPORARY,Cradle-to-Grave,40,28-03-2025,Summer '24,INACTIVE
Lethbridge Biogas LP,Lethbridge Biogas LP,"Lethbridge, CA",Renewable Natural Gas,"Waste, biogenic (generic)","Alberta, CA",FINAL,Cradle-to-Grave,-106,20-06-2025,Summer '24,ACTIVE
Lethbridge Biogas LP,Lethbridge Biogas LP,"Lethbridge, CA",Renewable Natural Gas,Livestock manure,"Alberta, CA",FINAL,Cradle-to-Grave,0,20-06-2025,Summer '24,ACTIVE
Louis Dreyfus Company Claypool Holdings LLC,Louis Dreyfus Company Agricultural Industries,"Claypool, US",Biodiesel,Vegetable oil from oilseed (soybean),"Indiana, US",FINAL,Cradle-to-Grave,20,13-12-2023,January '23,ACTIVE
Louis Dreyfus Company Claypool Holdings LLC,Louis Dreyfus Company Agricultural Industries,"Claypool, US",Biodiesel,Vegetable oil from oilseed (soybean),"Indiana, US",FINAL,Cradle-to-Grave,PENDING APPROVAL,N/A,Summer '24,PENDING APPROVAL
"LSCP, LLC","LSCP, LLC","Marcus, US",Ethanol,Corn,"Iowa, US",FINAL,Cradle-to-Grave,40,19-06-2024,January '23,ACTIVE
"LSCP, LLC","LSCP, LLC","Marcus, US",Ethanol,Corn,"Iowa, US",FINAL,Cradle-to-Grave,PENDING APPROVAL,N/A,Summer '24,PENDING APPROVAL
"LSCP, LLC","LSCP, LLC","Marcus, US",Ethanol,Corn,"Iowa, US",FINAL,Cradle-to-Grave,PENDING APPROVAL,N/A,Summer '24,PENDING APPROVAL
Marquis Energy - Illinois,"Marquis Energy - Illinois, LLC","Hennepin, US",Ethanol,CONFIDENTIAL,CONFIDENTIAL,FINAL,Cradle-to-Grave,PENDING APPROVAL,N/A,Summer '24,PENDING APPROVAL
"Marquis Energy - Wisconsin, LLC","Marquis Energy - Wisconsin, LLC","Necedah, US",Ethanol,CONFIDENTIAL,CONFIDENTIAL,FINAL,Cradle-to-Grave,CONFIDENTIAL,15-01-2024,January '23,ACTIVE
McCain Foods Limited,McCain Foods Canada Ltd-Carberry,CONFIDENTIAL,Biogas,CONFIDENTIAL,CONFIDENTIAL,FINAL,Cradle-to-Grave,CONFIDENTIAL,19-06-2024,January '23,ACTIVE
McCain Foods Limited,McCain Foods Canada Ltd-Carberry,CONFIDENTIAL,Biogas,CONFIDENTIAL,CONFIDENTIAL,FINAL,Cradle-to-Grave,PENDING APPROVAL,N/A,Summer '24,PENDING APPROVAL
McCain Foods Limited,McCain Foods Canada Ltd-Coaldale,CONFIDENTIAL,Biogas,CONFIDENTIAL,CONFIDENTIAL,FINAL,Cradle-to-Grave,CONFIDENTIAL,21-06-2024,January '23,ACTIVE
McCain Foods Limited,McCain Foods Canada Ltd-Coaldale,CONFIDENTIAL,Biogas,CONFIDENTIAL,CONFIDENTIAL,FINAL,Cradle-to-Grave,PENDING APPROVAL,N/A,Summer '24,PENDING APPROVAL
McCain Foods Limited,McCain Foods Canada Ltd-Florenceville,CONFIDENTIAL,Biogas,CONFIDENTIAL,CONFIDENTIAL,FINAL,Cradle-to-Grave,CONFIDENTIAL,19-06-2024,January '23,ACTIVE
McCain Foods Limited,McCain Foods Canada Ltd-Florenceville,CONFIDENTIAL,Biogas,CONFIDENTIAL,CONFIDENTIAL,FINAL,Cradle-to-Grave,CONFIDENTIAL,19-06-2024,January '23,ACTIVE
McCain Foods Limited,McCain Foods Canada Ltd-Florenceville,CONFIDENTIAL,Biogas,CONFIDENTIAL,CONFIDENTIAL,FINAL,Cradle-to-Grave,CONFIDENTIAL,19-06-2024,January '23,ACTIVE
McCain Foods Limited,McCain Foods Canada Ltd-Florenceville,CONFIDENTIAL,Biogas,CONFIDENTIAL,CONFIDENTIAL,FINAL,Cradle-to-Grave,CONFIDENTIAL,19-06-2024,January '23,ACTIVE
McCain Foods Limited,McCain Foods Canada Ltd-Florenceville,CONFIDENTIAL,Biogas,CONFIDENTIAL,CONFIDENTIAL,FINAL,Cradle-to-Grave,PENDING APPROVAL,N/A,Summer '24,PENDING APPROVAL
Millar Western Forest Products Ltd.,Millar Western Forest Products Slave Lake Pulp Mill,"Lesser Slave Lake River No.124, CA",Biogas,"Waste, biogenic (generic)","Alberta, CA",FINAL,Cradle-to-Grave,PENDING APPROVAL,N/A,Summer '24,PENDING APPROVAL
Millar Western Forest Products Ltd.,Millar Western Forest Products Whitecourt Pulp Mill,"Whitecourt, CA",Biogas,"Waste, biogenic (generic)","Alberta, CA",FINAL,Cradle-to-Grave,PENDING APPROVAL,N/A,Summer '24,PENDING APPROVAL
"Montana Renewables, LLC.","Montana Renewables, LLC.","Great Falls, US",Hydrogenation-Derived Renewable Diesel,Vegetable oil from oilseed (canola),CONFIDENTIAL,TEMPORARY,Cradle-to-Grave,30,27-05-2024,January '23,ACTIVE
"Montana Renewables, LLC.","Montana Renewables, LLC.","Great Falls, US",Hydrogenation-Derived Renewable Diesel,Vegetable oil from oilseed (soybean),CONFIDENTIAL,TEMPORARY,Cradle-to-Grave,30,27-05-2024,January '23,ACTIVE
"Montana Renewables, LLC.","Montana Renewables, LLC.","Great Falls, US",Hydrogenation-Derived Renewable Diesel,Animal fats,CONFIDENTIAL,TEMPORARY,Cradle-to-Grave,31,27-05-2024,January '23,ACTIVE
"Montana Renewables, LLC.","Montana Renewables, LLC.","Great Falls, US",Hydrogenation-Derived Renewable Diesel,Corn,CONFIDENTIAL,TEMPORARY,Cradle-to-Grave,56,27-05-2024,January '23,ACTIVE
"Montana Renewables, LLC.","Montana Renewables, LLC.","Great Falls, US",Low-carbon-intensity fuel that is suitable for use in aviation,Vegetable oil from oilseed (soybean),CONFIDENTIAL,TEMPORARY,Cradle-to-Grave,28,30-05-2024,January '23,ACTIVE
"Montana Renewables, LLC.","Montana Renewables, LLC.","Great Falls, US",Low-carbon-intensity fuel that is suitable for use in aviation,Vegetable oil from oilseed (canola),CONFIDENTIAL,TEMPORARY,Cradle-to-Grave,28,30-05-2024,January '23,ACTIVE
"Montana Renewables, LLC.","Montana Renewables, LLC.","Great Falls, US",Low-carbon-intensity fuel that is suitable for use in aviation,Animal fats,CONFIDENTIAL,TEMPORARY,Cradle-to-Grave,29,30-05-2024,January '23,ACTIVE
"Montana Renewables, LLC.","Montana Renewables, LLC.","Great Falls, US",Low-carbon-intensity fuel that is suitable for use in aviation,Corn,CONFIDENTIAL,TEMPORARY,Cradle-to-Grave,54,30-05-2024,January '23,ACTIVE
"Montana Renewables, LLC.","Montana Renewables, LLC.","Great Falls, US",Renewable Naphtha,Vegetable oil from oilseed (soybean),CONFIDENTIAL,TEMPORARY,Cradle-to-Grave,29,27-05-2024,January '23,ACTIVE
"Montana Renewables, LLC.","Montana Renewables, LLC.","Great Falls, US",Renewable Naphtha,Vegetable oil from oilseed (canola),CONFIDENTIAL,TEMPORARY,Cradle-to-Grave,29,27-05-2024,January '23,ACTIVE
"Montana Renewables, LLC.","Montana Renewables, LLC.","Great Falls, US",Renewable Naphtha,Animal fats,CONFIDENTIAL,TEMPORARY,Cradle-to-Grave,31,27-05-2024,January '23,ACTIVE
"Montana Renewables, LLC.","Montana Renewables, LLC.","Great Falls, US",Renewable Naphtha,Corn,CONFIDENTIAL,TEMPORARY,Cradle-to-Grave,55,27-05-2024,January '23,ACTIVE
"Net-Zero Richardton, LLC","Net-Zero Richardton, LLC","Richardton, US",Ethanol,Corn,"North Dakota, US",FINAL,Cradle-to-Grave,PENDING APPROVAL,N/A,Summer '24,PENDING APPROVAL
"Net-Zero Richardton, LLC","Net-Zero Richardton, LLC","Richardton, US",Ethanol,Corn,"North Dakota, US",FINAL,Cradle-to-Grave,PENDING APPROVAL,N/A,Summer '24,PENDING APPROVAL
Niagara RNG LP,Niagara RNG Plant,"Niagara Falls, CA",Renewable Natural Gas,Landfill gas,"Niagara Region, CA",TEMPORARY,Cradle-to-Grave,12,29-09-2025,Summer '24,ACTIVE
NORTH WEST TERMINAL LTD,UNITY ETHANOL PLANT,"UNITY, CA",Ethanol,"Wheat, non-durum","Saskatchawan, CA",FINAL,Cradle-to-Grave,PENDING APPROVAL,N/A,Summer '24,PENDING APPROVAL
"Pine Lake Corn Processors, LLLP",Pine Lake Corn Processors,CONFIDENTIAL,Ethanol,CONFIDENTIAL,CONFIDENTIAL,FINAL,Cradle-to-Grave,CONFIDENTIAL,27-06-2023,January '23,ACTIVE
"Pine Lake Corn Processors, LLLP",Pine Lake Corn Processors,CONFIDENTIAL,Ethanol,CONFIDENTIAL,CONFIDENTIAL,TEMPORARY,Cradle-to-Grave,PENDING APPROVAL,N/A,Summer '24,PENDING APPROVAL
"Pine Lake Corn Processors, LLLP",Pine Lake Corn Processors,CONFIDENTIAL,Ethanol,CONFIDENTIAL,CONFIDENTIAL,TEMPORARY,Cradle-to-Grave,PENDING APPROVAL,N/A,Summer '24,PENDING APPROVAL
"Plymouth Energy, LLC","Plymouth Energy, LLC","Merrill, US",Ethanol,Corn,United States,FINAL,Cradle-to-Grave,35,15-01-2024,January '23,ACTIVE
"POET Holding Company, LLC",POET Bioprocessing - Arthur,"Arthur, US",Ethanol,Corn,"Iowa, US",TEMPORARY,Cradle-to-Grave,39,27-06-2024,January '23,ACTIVE
"POET Holding Company, LLC",POET Bioprocessing - Arthur,"Arthur, US",Ethanol,Corn,"Iowa, US",FINAL,Cradle-to-Grave,PENDING APPROVAL,N/A,Summer '24,PENDING APPROVAL
"POET Holding Company, LLC",POET Bioprocessing - Arthur,"Arthur, US",Ethanol,Corn,"Iowa, US",FINAL,Cradle-to-Grave,PENDING APPROVAL,N/A,Summer '24,PENDING APPROVAL
"POET Holding Company, LLC",POET Bioprocessing - Chancellor,"Chancellor, US",Ethanol,Corn,"South Dakota, US",FINAL,Cradle-to-Grave,33,07-07-2023,January '23,ACTIVE
"POET Holding Company, LLC",POET Bioprocessing - Chancellor,"Chancellor, US",Ethanol,Corn,"South Dakota, US",FINAL,Cradle-to-Grave,PENDING APPROVAL,N/A,Summer '24,PENDING APPROVAL
"POET Holding Company, LLC",POET Bioprocessing - Chancellor,"Chancellor, US",Ethanol,Corn,"South Dakota, US",FINAL,Cradle-to-Grave,PENDING APPROVAL,N/A,Summer '24,PENDING APPROVAL
"POET Holding Company, LLC",POET Bioprocessing - Chancellor,"Chancellor, US",Ethanol,Corn,"South Dakota, US",FINAL,Cradle-to-Grave,PENDING APPROVAL,N/A,Summer '24,PENDING APPROVAL
"POET Holding Company, LLC",POET Bioprocessing - Fairbank,"Fairbank, US",Ethanol,Corn,"Iowa, US",TEMPORARY,Cradle-to-Grave,39,06-12-2023,January '23,ACTIVE
"POET Holding Company, LLC",POET Bioprocessing - Fairbank,"Fairbank, US",Ethanol,Corn,"Iowa, US",FINAL,Cradle-to-Grave,PENDING APPROVAL,N/A,Summer '24,PENDING APPROVAL
"POET Holding Company, LLC",POET Bioprocessing - Groton,"Groton, US",Ethanol,Corn,"South Dakota, US",FINAL,Cradle-to-Grave,39,09-04-2024,January '23,ACTIVE
"POET Holding Company, LLC",POET Bioprocessing - Groton,"Groton, US",Ethanol,Corn,"South Dakota, US",FINAL,Cradle-to-Grave,PENDING APPROVAL,N/A,Summer '24,PENDING APPROVAL
"POET Holding Company, LLC",POET Bioprocessing - Hudson,"Hudson, US",Ethanol,Corn,"South Dakota, US",FINAL,Cradle-to-Grave,39,21-07-2023,January '23,ACTIVE
"POET Holding Company, LLC",POET Bioprocessing - Hudson,"Hudson, US",Ethanol,Corn,"South Dakota, US",FINAL,Cradle-to-Grave,PENDING APPROVAL,N/A,Summer '24,PENDING APPROVAL
"POET Holding Company, LLC",POET Bioprocessing - Hudson,"Hudson, US",Ethanol,Corn,"South Dakota, US",FINAL,Cradle-to-Grave,PENDING APPROVAL,N/A,Summer '24,PENDING APPROVAL
"POET Holding Company, LLC",POET Bioprocessing - Hudson,"Hudson, US",Ethanol,Corn,"South Dakota, US",FINAL,Cradle-to-Grave,PENDING APPROVAL,N/A,Summer '24,PENDING APPROVAL
"POET Holding Company, LLC",POET Bioprocessing - Mitchell,"Mitchell, US",Ethanol,Corn,"South Dakota, US",FINAL,Cradle-to-Grave,38,06-12-2023,January '23,ACTIVE
"POET Holding Company, LLC",POET Bioprocessing - Mitchell,"Mitchell, US",Ethanol,Corn,"South Dakota, US",FINAL,Cradle-to-Grave,PENDING APPROVAL,N/A,Summer '24,PENDING APPROVAL
"POET Holding Company, LLC",POET Bioprocessing - Shell Rock,"Shell Rock, US",Ethanol,Corn,"Iowa, US",TEMPORARY,Cradle-to-Grave,40,27-06-2023,January '23,INACTIVE
Pound-Maker Agventures Ltd.,Pound-Maker Agventures Ltd.,"Lanigan, CA",Ethanol,Rye,"Saskatchawan, CA",FINAL,Cradle-to-Grave,29,19-06-2024,January '23,ACTIVE
Pound-Maker Agventures Ltd.,Pound-Maker Agventures Ltd.,"Lanigan, CA",Ethanol,Wheat,"Saskatchawan, CA",FINAL,Cradle-to-Grave,41,19-06-2024,January '23,ACTIVE
Pound-Maker Agventures Ltd.,Pound-Maker Agventures Ltd.,"Lanigan, CA",Ethanol,Corn,"North Dakota, US",FINAL,Cradle-to-Grave,50,19-06-2024,January '23,ACTIVE
Quad County Corn Processors Cooperative,Quad County Corn Processors Cooperative,"Galva, US",Ethanol,Corn,"Iowa, US",FINAL,Cradle-to-Grave,46,22-08-2023,January '23,INACTIVE
Quad County Corn Processors Cooperative,Quad County Corn Processors Cooperative,"Galva, US",Ethanol,Corn,"Iowa, US",FINAL,Cradle-to-Grave,46,31-10-2025,Summer '24,ACTIVE
"Red River Energy, LLC","Red River Energy, LLC","Rosholt, US",Ethanol,Corn,"North East South Dakota, US ",FINAL,Cradle-to-Grave,39,20-09-2023,January '23,INACTIVE
"Red River Energy, LLC","Red River Energy, LLC","Rosholt, US",Ethanol,Corn,"Northeast South Dakota, North Dakota, Minnesota (US)",FINAL,Cradle-to-Grave,37,25-06-2025,Summer '24,ACTIVE
Red Trail Energy LLC,Red Trail Energy LLC,"Richardton, US",Ethanol,Corn,"North Dakota, US",FINAL,Cradle-to-Grave,43,08-03-2024,January '23,ACTIVE
Red Trail Energy LLC,Red Trail Energy LLC,"Richardton, US",Ethanol,Corn,"North Dakota, US",FINAL,Cradle-to-Grave,PENDING APPROVAL,N/A,Summer '24,PENDING APPROVAL
"Redfield Energy, LLC","Redfield Energy, LLC","Redfield, US",Ethanol,Corn,"South Dakota, US",FINAL,Cradle-to-Grave,36,15-09-2023,January '23,INACTIVE
"Redfield Energy, LLC","Redfield Energy, LLC","Redfield, US",Ethanol,Corn,"South Dakota, US",FINAL,Cradle-to-Grave,34,24-10-2025,Summer '24,ACTIVE
"REG Albert Lea, LLC","REG Albert Lea, LLC","Albert Lea, US",Biodiesel,"Yellow grease, from UCO","Wisconsin, US",FINAL,Cradle-to-Grave,18,13-06-2025,Summer '24,ACTIVE
"REG Albert Lea, LLC","REG Albert Lea, LLC","Albert Lea, US",Biodiesel,Vegetable oil from oilseed (soybean),"Minnesota, US",FINAL,Cradle-to-Grave,19,13-06-2025,Summer '24,ACTIVE
"REG Albert Lea, LLC","REG Albert Lea, LLC","Albert Lea, US",Biodiesel,Vegetable oil from oilseed (canola),"Saskatchawan, CA",FINAL,Cradle-to-Grave,19,13-06-2025,Summer '24,ACTIVE
"REG Albert Lea, LLC","REG Albert Lea, LLC","Albert Lea, US",Biodiesel,Animal fats,"Wisconsin, US",FINAL,Cradle-to-Grave,22,13-06-2025,Summer '24,ACTIVE
"REG Albert Lea, LLC","REG Albert Lea, LLC","Albert Lea, US",Biodiesel,Corn oil,"Indiana, US",FINAL,Cradle-to-Grave,44,13-06-2025,Summer '24,ACTIVE
"REG Danville, LLC","REG Danville, LLC","Danville, US",Biodiesel,Animal fats,"West Virginia, US",FINAL,Cradle-to-Grave,27,26-06-2025,Summer '24,ACTIVE
"REG Danville, LLC","REG Danville, LLC","Danville, US",Biodiesel,"Yellow grease, from UCO","Kentucky, US",FINAL,Cradle-to-Grave,22,25-06-2025,Summer '24,ACTIVE
"REG Danville, LLC","REG Danville, LLC","Danville, US",Biodiesel,Vegetable oil from oilseed (soybean),"Kentucky, US",FINAL,Cradle-to-Grave,23,25-06-2025,Summer '24,ACTIVE
"REG Danville, LLC","REG Danville, LLC","Danville, US",Biodiesel,Vegetable oil from oilseed (canola),"Saskatchawan, CA",FINAL,Cradle-to-Grave,23,25-06-2025,Summer '24,ACTIVE
"REG Danville, LLC","REG Danville, LLC","Danville, US",Biodiesel,Corn oil,"Indiana, US",FINAL,Cradle-to-Grave,49,25-06-2025,Summer '24,ACTIVE
"REG Geismar, LLC","REG Geismar, LLC","Geismar, US",Hydrogenation-Derived Renewable Diesel,"Yellow grease, from UCO","Indiana, US",FINAL,Cradle-to-Grave,23,25-06-2025,Summer '24,ACTIVE
"REG Geismar, LLC","REG Geismar, LLC","Geismar, US",Hydrogenation-Derived Renewable Diesel,"Yellow grease, from UCO","Indiana, US",FINAL,Cradle-to-Grave,23,25-06-2025,Summer '24,ACTIVE
"REG Geismar, LLC","REG Geismar, LLC","Geismar, US",Hydrogenation-Derived Renewable Diesel,"Yellow grease, from UCO",Chile,FINAL,Cradle-to-Grave,24,25-06-2025,Summer '24,ACTIVE
"REG Geismar, LLC","REG Geismar, LLC","Geismar, US",Hydrogenation-Derived Renewable Diesel,Vegetable oil from oilseed (soybean),"Alabama, US",FINAL,Cradle-to-Grave,24,25-06-2025,Summer '24,ACTIVE
"REG Geismar, LLC","REG Geismar, LLC","Geismar, US",Hydrogenation-Derived Renewable Diesel,Animal fats,"Kentucky, US",FINAL,Cradle-to-Grave,28,25-06-2025,Summer '24,ACTIVE
"REG Geismar, LLC","REG Geismar, LLC","Geismar, US",Hydrogenation-Derived Renewable Diesel,Animal fats,Peru,FINAL,Cradle-to-Grave,32,25-06-2025,Summer '24,ACTIVE
"REG Geismar, LLC","REG Geismar, LLC","Geismar, US",Hydrogenation-Derived Renewable Diesel,"Yellow grease, from UCO",Malaysia,FINAL,Cradle-to-Grave,36,25-06-2025,Summer '24,ACTIVE
"REG Geismar, LLC","REG Geismar, LLC","Geismar, US",Hydrogenation-Derived Renewable Diesel,Animal fats,India,FINAL,Cradle-to-Grave,38,25-06-2025,Summer '24,ACTIVE
"REG Geismar, LLC","REG Geismar, LLC","Geismar, US",Hydrogenation-Derived Renewable Diesel,Corn oil,"Indiana, US",FINAL,Cradle-to-Grave,53,25-06-2025,Summer '24,ACTIVE
"REG Geismar, LLC","REG Geismar, LLC","Geismar, US",Renewable Naphtha,"Yellow grease, from UCO","Indiana, US",FINAL,Cradle-to-Grave,23,25-06-2025,Summer '24,ACTIVE
"REG Geismar, LLC","REG Geismar, LLC","Geismar, US",Renewable Naphtha,"Yellow grease, from UCO","Indiana, US",FINAL,Cradle-to-Grave,23,25-06-2025,Summer '24,ACTIVE
"REG Geismar, LLC","REG Geismar, LLC","Geismar, US",Renewable Naphtha,Vegetable oil from oilseed (soybean),"Alabama, US",FINAL,Cradle-to-Grave,24,25-06-2025,Summer '24,ACTIVE
"REG Geismar, LLC","REG Geismar, LLC","Geismar, US",Renewable Naphtha,"Yellow grease, from UCO",Chile,FINAL,Cradle-to-Grave,24,25-06-2025,Summer '24,ACTIVE
"REG Geismar, LLC","REG Geismar, LLC","Geismar, US",Renewable Naphtha,Animal fats,"Kentucky, US",FINAL,Cradle-to-Grave,28,25-06-2025,Summer '24,ACTIVE
"REG Geismar, LLC","REG Geismar, LLC","Geismar, US",Renewable Naphtha,Animal fats,Peru,FINAL,Cradle-to-Grave,32,25-06-2025,Summer '24,ACTIVE
"REG Geismar, LLC","REG Geismar, LLC","Geismar, US",Renewable Naphtha,"Yellow grease, from UCO",Malaysia,FINAL,Cradle-to-Grave,36,25-06-2025,Summer '24,ACTIVE
"REG Geismar, LLC","REG Geismar, LLC","Geismar, US",Renewable Naphtha,Animal fats,India,FINAL,Cradle-to-Grave,39,25-06-2025,Summer '24,ACTIVE
"REG Geismar, LLC","REG Geismar, LLC","Geismar, US",Renewable Naphtha,Corn oil,"Indiana, US",FINAL,Cradle-to-Grave,53,25-06-2025,Summer '24,ACTIVE
"REG Geismar, LLC","REG Geismar, LLC","Geismar, US",Renewable Propane,"Yellow grease, from UCO","Indiana, US",FINAL,Cradle-to-Grave,24,25-06-2025,Summer '24,ACTIVE
"REG Geismar, LLC","REG Geismar, LLC","Geismar, US",Renewable Propane,"Yellow grease, from UCO","Indiana, US",FINAL,Cradle-to-Grave,24,25-06-2025,Summer '24,ACTIVE
"REG Geismar, LLC","REG Geismar, LLC","Geismar, US",Renewable Propane,Vegetable oil from oilseed (soybean),"Alabama, US",FINAL,Cradle-to-Grave,25,25-06-2025,Summer '24,ACTIVE
"REG Geismar, LLC","REG Geismar, LLC","Geismar, US",Renewable Propane,"Yellow grease, from UCO",Chile,FINAL,Cradle-to-Grave,25,25-06-2025,Summer '24,ACTIVE
"REG Geismar, LLC","REG Geismar, LLC","Geismar, US",Renewable Propane,Animal fats,"Kentucky, US",FINAL,Cradle-to-Grave,29,25-06-2025,Summer '24,ACTIVE
"REG Geismar, LLC","REG Geismar, LLC","Geismar, US",Renewable Propane,Animal fats,Peru,FINAL,Cradle-to-Grave,33,25-06-2025,Summer '24,ACTIVE
"REG Geismar, LLC","REG Geismar, LLC","Geismar, US",Renewable Propane,"Yellow grease, from UCO",Malaysia,FINAL,Cradle-to-Grave,37,25-06-2025,Summer '24,ACTIVE
"REG Geismar, LLC","REG Geismar, LLC","Geismar, US",Renewable Propane,Animal fats,India,FINAL,Cradle-to-Grave,40,25-06-2025,Summer '24,ACTIVE
"REG Geismar, LLC","REG Geismar, LLC","Geismar, US",Renewable Propane,Corn oil,"Indiana, US",FINAL,Cradle-to-Grave,54,25-06-2025,Summer '24,ACTIVE
"REG Grays Harbor, LLC","REG Grays Harbor, LLC","Hoquiam, US",Biodiesel,Vegetable oil from oilseed (canola),"Saskatchawan, CA",FINAL,Cradle-to-Grave,18,15-05-2025,Summer '24,ACTIVE
"REG Grays Harbor, LLC","REG Grays Harbor, LLC","Hoquiam, US",Biodiesel,Vegetable oil from oilseed (soybean),"Nebraska, US",FINAL,Cradle-to-Grave,18,15-05-2025,Summer '24,ACTIVE
"REG Madison, LLC","REG Madison, LLC","Deforest, US",Biodiesel,Vegetable Oil,"Indiana, US",FINAL,Cradle-to-Grave,52,19-06-2024,January '23,ACTIVE
"REG Madison, LLC","REG Madison, LLC","Deforest, US",Biodiesel,Corn oil,"Indiana, US",FINAL,Cradle-to-Grave,PENDING APPROVAL,N/A,Summer '24,PENDING APPROVAL
"REG Mason City, LLC","REG Mason City, LLC","Mason City, US",Biodiesel,"Yellow grease, from UCO","Indiana, US",FINAL,Cradle-to-Grave,19,13-06-2025,Summer '24,ACTIVE
"REG Mason City, LLC","REG Mason City, LLC","Mason City, US",Biodiesel,Vegetable oil from oilseed (soybean),"Minnesota, US",FINAL,Cradle-to-Grave,19,13-06-2025,Summer '24,ACTIVE
"REG Mason City, LLC","REG Mason City, LLC","Mason City, US",Biodiesel,Vegetable oil from oilseed (canola),"Saskatchawan, CA",FINAL,Cradle-to-Grave,20,13-06-2025,Summer '24,ACTIVE
"REG Mason City, LLC","REG Mason City, LLC","Mason City, US",Biodiesel,Animal fats,"Kentucky, US",FINAL,Cradle-to-Grave,23,13-06-2025,Summer '24,ACTIVE
"REG Mason City, LLC","REG Mason City, LLC","Mason City, US",Biodiesel,Corn oil,"Indiana, US",FINAL,Cradle-to-Grave,45,13-06-2025,Summer '24,ACTIVE
"REG Newton, LLC","REG Newton, LLC","Newton, US",Biodiesel,"Yellow grease, from UCO","Indiana, US",FINAL,Cradle-to-Grave,21,13-06-2025,Summer '24,ACTIVE
"REG Newton, LLC","REG Newton, LLC","Newton, US",Biodiesel,Vegetable oil from oilseed (soybean),"Missouri, US",FINAL,Cradle-to-Grave,22,13-06-2025,Summer '24,ACTIVE
"REG Newton, LLC","REG Newton, LLC","Newton, US",Biodiesel,Vegetable oil from oilseed (canola),"Saskatchawan, CA",FINAL,Cradle-to-Grave,22,13-06-2025,Summer '24,ACTIVE
"REG Newton, LLC","REG Newton, LLC","Newton, US",Biodiesel,Animal fats,"Kentucky, US",FINAL,Cradle-to-Grave,26,13-06-2025,Summer '24,ACTIVE
"REG Newton, LLC","REG Newton, LLC","Newton, US",Biodiesel,Corn oil,"North Dakota, US",FINAL,Cradle-to-Grave,47,13-06-2025,Summer '24,ACTIVE
"REG Ralston, LLC","REG Ralston, LLC","Ralston, US",Biodiesel,Vegetable Oil,"Iowa, US",FINAL,Cradle-to-Grave,22,19-06-2024,January '23,ACTIVE
"REG Seneca, LLC","REG Seneca, LLC","Seneca, US",Biodiesel,"Yellow grease, from UCO","Wisconsin, US",FINAL,Cradle-to-Grave,20,13-06-2025,Summer '24,ACTIVE
"REG Seneca, LLC","REG Seneca, LLC","Seneca, US",Biodiesel,Vegetable oil from oilseed (soybean),"Indiana, US",FINAL,Cradle-to-Grave,20,13-06-2025,Summer '24,ACTIVE
"REG Seneca, LLC","REG Seneca, LLC","Seneca, US",Biodiesel,Vegetable oil from oilseed (canola),"Indiana, US",FINAL,Cradle-to-Grave,21,13-06-2025,Summer '24,ACTIVE
"REG Seneca, LLC","REG Seneca, LLC","Seneca, US",Biodiesel,Animal fats,"Kentucky, US",FINAL,Cradle-to-Grave,25,13-06-2025,Summer '24,ACTIVE
"REG Seneca, LLC","REG Seneca, LLC","Seneca, US",Biodiesel,Corn oil,"Indiana, US",FINAL,Cradle-to-Grave,46,13-06-2025,Summer '24,ACTIVE
"Rhode Island Bioenergy Facility, LLC",Rhode Island Bioenergy Facility,"Johnston, US",Renewable Natural Gas,"Waste, biogenic (generic)","Rhode Island, US",TEMPORARY,Cradle-to-Gate,PENDING APPROVAL,N/A,Summer '24,PENDING APPROVAL
"Rhode Island Bioenergy Facility, LLC",Rhode Island Bioenergy Facility,"Johnston, US",Renewable Natural Gas,"Waste, biogenic (generic)","Rhode Island, US",TEMPORARY,Cradle-to-Gate,PENDING APPROVAL,N/A,Summer '24,PENDING APPROVAL
Siouxland Energy Cooperative,Siouxland Energy Cooperative,"Sioux Center, US",Ethanol,Corn,United States,TEMPORARY,Cradle-to-Grave,CONFIDENTIAL,10-10-2023,January '23,INACTIVE
Siouxland Energy Cooperative,Siouxland Energy Cooperative,"Sioux Center, US",Ethanol,Corn,"Iowa, Minnesota, South Dakota (US)",FINAL,Cradle-to-Grave,CONFIDENTIAL,31-10-2025,Summer '24,ACTIVE
St. Bernard Renewables LLC,St. Bernard Renewables LLC,"Chalmette, US",Hydrogenation-Derived Renewable Diesel,"Yellow grease, from UCO","Canada, United States",TEMPORARY,Cradle-to-Grave,23,12-08-2025,Summer '24,ACTIVE
St. Bernard Renewables LLC,St. Bernard Renewables LLC,"Chalmette, US",Hydrogenation-Derived Renewable Diesel,Vegetable oil from oilseed (soybean),"Canada, United States",TEMPORARY,Cradle-to-Grave,24,12-08-2025,Summer '24,ACTIVE
St. Bernard Renewables LLC,St. Bernard Renewables LLC,"Chalmette, US",Hydrogenation-Derived Renewable Diesel,Vegetable oil from oilseed (canola),"Canada, United States",TEMPORARY,Cradle-to-Grave,25,12-08-2025,Summer '24,ACTIVE
St. Bernard Renewables LLC,St. Bernard Renewables LLC,"Chalmette, US",Hydrogenation-Derived Renewable Diesel,Animal fats,"Canada, United States",TEMPORARY,Cradle-to-Grave,28,12-08-2025,Summer '24,ACTIVE
St. Bernard Renewables LLC,St. Bernard Renewables LLC,"Chalmette, US",Hydrogenation-Derived Renewable Diesel,Corn oil,"Canada, United States",TEMPORARY,Cradle-to-Grave,50,12-08-2025,Summer '24,ACTIVE
StormFisher Environmental Ltd.,Stormfisher Environmental Ltd.,"London, CA",Renewable Natural Gas,MSW,CONFIDENTIAL,FINAL,Cradle-to-Gate,CONFIDENTIAL,27-06-2024,January '23,INACTIVE
StormFisher Environmental Ltd.,Stormfisher Environmental Ltd.,"London, CA",Renewable Natural Gas,"Waste, biogenic (generic)",CONFIDENTIAL,FINAL,Cradle-to-Grave,CONFIDENTIAL,19-09-2025,Summer '24,ACTIVE
Suncor Energy Inc,St Clair Ethanol Plant,"Mooretown, CA",Ethanol,Corn,North America,FINAL,Cradle-to-Grave,40,30-06-2023,January '23,INACTIVE
Suncor Energy Inc,St Clair Ethanol Plant,"Mooretown, CA",Ethanol,Corn,"Canada, United States",FINAL,Cradle-to-Grave,38,14-02-2025,Summer '24,ACTIVE
Thumb BioEnergy LLC,Thumb BioEnergy LLC,"Sandusky, US",Biodiesel,Used vegetable oil,"Michigan, US",FINAL,Cradle-to-Grave,14,30-01-2024,January '23,ACTIVE
Tidewater Renewables Ltd.,Prince George Renewable Diesel Complex,CONFIDENTIAL,Hydrogenation-Derived Renewable Diesel,CONFIDENTIAL,CONFIDENTIAL,TEMPORARY,Cradle-to-Grave,19,24-03-2025,Summer '24,ACTIVE
Tidewater Renewables Ltd.,Prince George Renewable Diesel Complex,CONFIDENTIAL,Hydrogenation-Derived Renewable Diesel,CONFIDENTIAL,CONFIDENTIAL,TEMPORARY,Cradle-to-Grave,20,24-03-2025,Summer '24,ACTIVE
Tidewater Renewables Ltd.,Prince George Renewable Diesel Complex,CONFIDENTIAL,Hydrogenation-Derived Renewable Diesel,CONFIDENTIAL,CONFIDENTIAL,TEMPORARY,Cradle-to-Grave,21,24-03-2025,Summer '24,ACTIVE
Tidewater Renewables Ltd.,Prince George Renewable Diesel Complex,CONFIDENTIAL,Hydrogenation-Derived Renewable Diesel,CONFIDENTIAL,CONFIDENTIAL,TEMPORARY,Cradle-to-Grave,22,24-03-2025,Summer '24,ACTIVE
"Timberline Energy, LLC","Timberline Energy, LLC","Oklahoma City, US",Renewable Natural Gas,Landfill gas,"Oklahoma City, US",FINAL,Cradle-to-Grave,PENDING APPROVAL,N/A,Summer '24,PENDING APPROVAL
United Energy Necedah LLC,United Energy Necedah LLC,"Necedah, US",Ethanol,Corn,"Wisconsin, US",FINAL,Cradle-to-Grave,PENDING APPROVAL,N/A,Summer '24,PENDING APPROVAL
"Valero Renewable Fuels Company, LLC",VRF Albert City Plant,"Albert City, US",Ethanol,Corn,"Iowa, US",FINAL,Cradle-to-Grave,42,11-04-2024,January '23,ACTIVE
"Valero Renewable Fuels Company, LLC",VRF Albert City Plant,"Albert City, US",Ethanol,Corn,"Iowa, US",FINAL,Cradle-to-Grave,PENDING APPROVAL,N/A,Summer '24,PENDING APPROVAL
"Valero Renewable Fuels Company, LLC",VRF Albert City Plant,"Albert City, US",Ethanol,Corn,"Iowa, US",FINAL,Cradle-to-Grave,PENDING APPROVAL,N/A,Summer '24,PENDING APPROVAL
"Valero Renewable Fuels Company, LLC",VRF Albion Plant,"Albion, US",Ethanol,Corn,"Nebraska, US",FINAL,Cradle-to-Grave,43,03-05-2024,January '23,ACTIVE
"Valero Renewable Fuels Company, LLC",VRF Aurora Plant,"Aurora, US",Ethanol,Corn,Midwest (US),FINAL,Cradle-to-Grave,40,25-03-2024,January '23,ACTIVE
"Valero Renewable Fuels Company, LLC",VRF Aurora Plant,"Aurora, US",Ethanol,Corn,"South Dakota, US",FINAL,Cradle-to-Grave,PENDING APPROVAL,N/A,Summer '24,PENDING APPROVAL
"Valero Renewable Fuels Company, LLC",VRF Aurora Plant,"Aurora, US",Ethanol,Corn,"South Dakota, US",FINAL,Cradle-to-Grave,PENDING APPROVAL,N/A,Summer '24,PENDING APPROVAL
"Valero Renewable Fuels Company, LLC",VRF Bluffton Plant,"Bluffton, US",Ethanol,Corn,"Indiana, US",FINAL,Cradle-to-Grave,44,18-07-2023,January '23,ACTIVE
"Valero Renewable Fuels Company, LLC",VRF Bluffton Plant,"Bluffton, US",Ethanol,Corn,"Indiana, US",FINAL,Cradle-to-Grave,PENDING APPROVAL,N/A,Summer '24,PENDING APPROVAL
"Valero Renewable Fuels Company, LLC",VRF Bluffton Plant,"Bluffton, US",Ethanol,Corn,"Indiana, US",FINAL,Cradle-to-Grave,PENDING APPROVAL,N/A,Summer '24,PENDING APPROVAL
"Valero Renewable Fuels Company, LLC",VRF Charles City Plant,"Charles City, US",Ethanol,Corn,"Iowa, US",FINAL,Cradle-to-Grave,42,18-07-2023,January '23,ACTIVE
"Valero Renewable Fuels Company, LLC",VRF Charles City Plant,"Charles City, US",Ethanol,Corn,"Iowa, US",FINAL,Cradle-to-Grave,PENDING APPROVAL,N/A,Summer '24,PENDING APPROVAL
"Valero Renewable Fuels Company, LLC",VRF Charles City Plant,"Charles City, US",Ethanol,Corn,"Iowa, US",FINAL,Cradle-to-Grave,PENDING APPROVAL,N/A,Summer '24,PENDING APPROVAL
"Valero Renewable Fuels Company, LLC",VRF Fort Dodge Plant,"Fort Dodge, US",Ethanol,Corn,"Iowa, US",FINAL,Cradle-to-Grave,41,18-07-2023,January '23,INACTIVE
"Valero Renewable Fuels Company, LLC",VRF Fort Dodge Plant,"Fort Dodge, US",Ethanol,Corn,"Iowa, US",FINAL,Cradle-to-Grave,38,10-06-2025,Summer '24,ACTIVE
"Valero Renewable Fuels Company, LLC",VRF Hartley Plant,"Hartley, US",Ethanol,Corn,"Iowa, US",FINAL,Cradle-to-Grave,42,25-03-2024,January '23,ACTIVE
"Valero Renewable Fuels Company, LLC",VRF Hartley Plant,"Hartley, US",Ethanol,Corn,"Iowa, US",FINAL,Cradle-to-Grave,PENDING APPROVAL,N/A,Summer '24,PENDING APPROVAL
"Valero Renewable Fuels Company, LLC",VRF Hartley Plant,"Hartley, US",Ethanol,Corn,"Iowa, US",FINAL,Cradle-to-Grave,PENDING APPROVAL,N/A,Summer '24,PENDING APPROVAL
"Valero Renewable Fuels Company, LLC",VRF Linden Plant,"Linden, US",Ethanol,Corn,"Indiana, US",FINAL,Cradle-to-Grave,44,25-03-2024,January '23,INACTIVE
"Valero Renewable Fuels Company, LLC",VRF Welcome Plant,"Welcome, US",Ethanol,Corn,"Minnesota, US",FINAL,Cradle-to-Grave,42,25-03-2024,January '23,ACTIVE
"Valero Renewable Fuels Company, LLC",VRF Welcome Plant,"Welcome, US",Ethanol,Corn,"Minnesota, US",FINAL,Cradle-to-Grave,PENDING APPROVAL,N/A,Summer '24,PENDING APPROVAL
"Valero Renewable Fuels Company, LLC",VRF Welcome Plant,"Welcome, US",Ethanol,Corn,"Minnesota, US",FINAL,Cradle-to-Grave,PENDING APPROVAL,N/A,Summer '24,PENDING APPROVAL
Verbio Diesel Canada Corporation,Verbio Diesel Canada,"Welland, CA",Biodiesel,Vegetable oil from oilseed (soybean),"Canada, United States",FINAL,Cradle-to-Grave,18,12-06-2025,Summer '24,ACTIVE
Verbio Diesel Canada Corporation,Verbio Diesel Canada,"Welland, CA",Biodiesel,Vegetable oil from oilseed (canola),"Canada, United States",FINAL,Cradle-to-Grave,19,12-06-2025,Summer '24,ACTIVE
Waste Connections of Canada Inc.,Laval,CONFIDENTIAL,Compressed Natural Gas,CONFIDENTIAL,CONFIDENTIAL,FINAL,Cradle-to-Grave,PENDING APPROVAL,N/A,Summer '24,PENDING APPROVAL
West Fraser Mills Ltd.,Slave Lake Pulp,"Lesser Slave Lake River No.124, CA",Biogas,"waste water (waste, biogenic) (generic) (Alberta)","Alberta, CA",TEMPORARY,Cradle-to-Grave,11,19-06-2024,January '23,ACTIVE
West Fraser Mills Ltd.,Slave Lake Pulp,"Lesser Slave Lake River No.124, CA",Biogas,Industrial effluent (waste water),"Alberta, CA",FINAL,Cradle-to-Grave,PENDING APPROVAL,N/A,Summer '24,PENDING APPROVAL
Wyoming Renewable Diesel LLC,Wyoming Renewable Diesel Company,"Sinclair, US",Hydrogenation-Derived Renewable Diesel,Vegetable oil from oilseed (soybean),Midwest (US),FINAL,Cradle-to-Grave,29,25-09-2023,January '23,ACTIVE
Wyoming Renewable Diesel LLC,Wyoming Renewable Diesel Company,"Sinclair, US",Hydrogenation-Derived Renewable Diesel,Animal fats,United States,FINAL,Cradle-to-Grave,29,25-09-2023,January '23,ACTIVE
Wyoming Renewable Diesel LLC,Wyoming Renewable Diesel Company,"Sinclair, US",Hydrogenation-Derived Renewable Diesel,Animal fats,"Wyoming, US",FINAL,Cradle-to-Grave,PENDING APPROVAL,N/A,Summer '24,PENDING APPROVAL
Wyoming Renewable Diesel LLC,Wyoming Renewable Diesel Company,"Sinclair, US",Hydrogenation-Derived Renewable Diesel,Vegetable oil from oilseed (canola),"Saskatchawan, CA",FINAL,Cradle-to-Grave,PENDING APPROVAL,N/A,Summer '24,PENDING APPROVAL
Wyoming Renewable Diesel LLC,Wyoming Renewable Diesel Company,"Sinclair, US",Hydrogenation-Derived Renewable Diesel,Vegetable oil from oilseed (soybean),"Indiana, US",FINAL,Cradle-to-Grave,PENDING APPROVAL,N/A,Summer '24,PENDING APPROVAL
